600.009,1323
600.034,1312
600.058,1379
600.083,1419
600.108,1392
600.132,1441
600.157,1463
600.182,1517
600.206,1475
600.231,1465
600.256,1459
600.280,1371
600.305,1371
600.329,1371
600.354,1363
600.379,1360
600.403,1383
600.428,1436
600.453,1491
600.477,1505
600.502,1523
600.527,1513
600.551,1447
600.576,1499
600.600,1435
600.625,1392
600.650,1425
600.674,1363
600.699,1371
600.723,1376
600.748,1456
600.773,1496
600.797,1520
600.822,1589
600.847,1549
600.871,1547
600.896,1525
600.920,1456
600.945,1467
600.970,1424
600.994,1386
601.019,1395
601.043,1400
601.068,1460
601.092,1462
601.117,1513
601.142,1557
601.166,1573
601.191,1574
601.215,1523
601.240,1483
601.264,1467
601.289,1411
601.314,1449
601.338,1417
601.363,1403
601.387,1467
601.412,1507
601.436,1515
601.461,1506
601.486,1569
601.510,1552
601.535,1561
601.559,1601
601.584,1557
601.608,1459
601.633,1485
601.657,1488
601.682,1463
601.706,1492
601.731,1536
601.756,1570
601.780,1577
601.805,1629
601.829,1611
601.854,1601
601.878,1632
601.903,1622
601.927,1542
601.952,1523
601.976,1547
602.001,1540
602.025,1560
602.050,1544
602.074,1600
602.099,1584
602.123,1632
602.148,1628
602.172,1701
602.197,1693
602.221,1685
602.246,1643
602.270,1603
602.295,1620
602.319,1635
602.344,1600
602.368,1610
602.393,1632
602.417,1658
602.442,1725
602.466,1751
602.491,1767
602.515,1787
602.540,1755
602.564,1799
602.589,1771
602.613,1761
602.638,1744
602.662,1685
602.687,1699
602.711,1719
602.736,1747
602.760,1776
602.784,1825
602.809,1893
602.833,1880
602.858,1883
602.882,1905
602.907,1910
602.931,1856
602.956,1874
602.980,1803
603.005,1845
603.029,1771
603.053,1818
603.078,1881
603.102,1881
603.127,2000
603.151,1995
603.176,2041
603.200,2000
603.224,2005
603.249,2001
603.273,2013
603.298,1927
603.322,1954
603.347,1962
603.371,1997
603.395,1984
603.420,1989
603.444,2065
603.469,2092
603.493,2165
603.517,2130
603.542,2096
603.566,2155
603.591,2080
603.615,2057
603.639,2069
603.664,2075
603.688,2033
603.713,2083
603.737,2136
603.761,2139
603.786,2195
603.810,2272
603.835,2224
603.859,2251
603.883,2268
603.908,2227
603.932,2195
603.956,2245
603.981,2233
604.005,2155
604.030,2189
604.054,2160
604.078,2230
604.103,2240
604.127,2298
604.151,2328
604.176,2288
604.200,2344
604.224,2296
604.249,2291
604.273,2260
604.298,2192
604.322,2235
604.346,2272
604.371,2276
604.395,2243
604.419,2320
604.444,2288
604.468,2345
604.492,2378
604.517,2345
604.541,2379
604.565,2390
604.590,2371
604.614,2347
604.638,2370
604.663,2304
604.687,2253
604.711,2313
604.736,2339
604.760,2406
604.784,2349
604.808,2347
604.833,2418
604.857,2411
604.881,2496
604.906,2459
604.930,2387
604.954,2401
604.979,2385
605.003,2368
605.027,2320
605.051,2315
605.076,2331
605.100,2291
605.124,2438
605.149,2403
605.173,2475
605.197,2489
605.221,2430
605.246,2483
605.270,2395
605.294,2353
605.319,2401
605.343,2352
605.367,2353
605.391,2369
605.416,2393
605.440,2400
605.464,2433
605.488,2448
605.513,2488
605.537,2531
605.561,2499
605.585,2506
605.610,2453
605.634,2401
605.658,2325
605.682,2369
605.707,2325
605.731,2339
605.755,2347
605.779,2355
605.804,2400
605.828,2407
605.852,2391
605.876,2496
605.901,2461
605.925,2480
605.949,2409
605.973,2368
605.997,2328
606.022,2249
606.046,2251
606.070,2309
606.094,2279
606.119,2370
606.143,2345
606.167,2353
606.191,2416
606.215,2376
606.240,2405
606.264,2368
606.288,2360
606.312,2343
606.336,2256
606.361,2220
606.385,2272
606.409,2256
606.433,2251
606.457,2273
606.481,2313
606.506,2386
606.530,2385
606.554,2336
606.578,2328
606.602,2297
606.627,2291
606.651,2259
606.675,2208
606.699,2149
606.723,2144
606.747,2185
606.772,2213
606.796,2248
606.820,2279
606.844,2307
606.868,2327
606.892,2269
606.916,2259
606.941,2203
606.965,2161
606.989,2177
607.013,2168
607.037,2067
607.061,2131
607.085,2091
607.110,2115
607.134,2115
607.158,2128
607.182,2179
607.206,2167
607.230,2136
607.254,2156
607.278,2091
607.303,2112
607.327,2065
607.351,2086
607.375,2113
607.399,2055
607.423,2017
607.447,2034
607.471,2077
607.496,2080
607.520,2058
607.544,2059
607.568,2097
607.592,2131
607.616,2114
607.640,2102
607.664,2051
607.688,2008
607.712,2019
607.736,1974
607.761,2011
607.785,1912
607.809,1980
607.833,1944
607.857,2000
607.881,2016
607.905,2036
607.929,2032
607.953,2051
607.977,1973
608.001,1987
608.025,1990
608.049,1968
608.074,1945
608.098,1891
608.122,1869
608.146,1880
608.170,1880
608.194,2000
608.218,2007
608.242,1969
608.266,2009
608.290,2018
608.314,2007
608.338,2013
608.362,1944
608.386,1904
608.410,1875
608.434,1837
608.458,1857
608.482,1859
608.506,1888
608.530,1955
608.554,1943
608.578,1984
608.602,1995
608.626,2075
608.650,2011
608.674,2017
608.698,2005
608.722,1929
608.746,1879
608.770,1847
608.794,1874
608.818,1899
608.842,1895
608.866,1992
608.890,1995
608.914,2096
608.938,2061
608.962,2064
608.986,2041
609.010,2000
609.034,1960
609.058,1955
609.082,1888
609.106,1987
609.130,1931
609.154,2005
609.178,1981
609.202,2023
609.226,2059
609.250,2055
609.274,2117
609.298,2114
609.322,2096
609.346,2059
609.370,2096
609.394,2043
609.418,2058
609.442,2042
609.466,2068
609.490,2072
609.514,2041
609.538,2124
609.562,2137
609.586,2164
609.610,2243
609.633,2256
609.657,2274
609.681,2209
609.705,2213
609.729,2194
609.753,2184
609.777,2118
609.801,2140
609.825,2121
609.849,2205
609.873,2139
609.897,2256
609.921,2272
609.945,2264
609.968,2328
609.992,2278
610.016,2309
610.040,2251
610.064,2217
610.088,2243
610.112,2272
610.136,2240
610.160,2272
610.184,2321
610.207,2389
610.231,2341
610.255,2413
610.279,2384
610.303,2355
610.327,2395
610.351,2400
610.375,2376
610.399,2393
610.422,2358
610.446,2373
610.470,2355
610.494,2411
610.518,2448
610.542,2419
610.566,2592
610.589,2465
610.613,2507
610.637,2473
610.661,2475
610.685,2480
610.709,2474
610.733,2483
610.756,2551
610.780,2536
610.804,2569
610.828,2515
610.852,2557
610.876,2624
610.900,2594
610.923,2541
610.947,2608
610.971,2595
610.995,2596
611.019,2640
611.043,2581
611.066,2657
611.090,2619
611.114,2683
611.138,2658
611.162,2708
611.185,2752
611.209,2795
611.233,2789
611.257,2723
611.281,2720
611.304,2707
611.328,2800
611.352,2747
611.376,2824
611.400,2819
611.424,2840
611.447,2865
611.471,2904
611.495,2867
611.519,2884
611.542,2952
611.566,2885
611.590,2872
611.614,2912
611.638,2853
611.661,2864
611.685,2913
611.709,2952
611.733,2944
611.756,3026
611.780,3061
611.804,3025
611.828,3088
611.852,3139
611.875,3104
611.899,3075
611.923,2992
611.947,3073
611.970,3051
611.994,3064
612.018,3129
612.042,3113
612.065,3142
612.089,3091
612.113,3291
612.137,3299
612.160,3340
612.184,3387
612.208,3368
612.231,3368
612.255,3291
612.279,3272
612.303,3273
612.326,3264
612.350,3349
612.374,3314
612.398,3389
612.421,3440
612.445,3456
612.469,3507
612.492,3594
612.516,3712
612.540,3713
612.563,3683
612.587,3528
612.611,3496
612.635,3584
612.658,3557
612.682,3554
612.706,3568
612.729,3650
612.753,3671
612.777,3659
612.800,3869
612.824,3826
612.848,3923
612.871,3976
612.895,3993
612.919,3956
612.943,3938
612.966,3824
612.990,3777
613.014,3798
613.037,3829
613.061,3952
613.085,3936
613.108,3996
613.132,4058
613.155,4201
613.179,4384
613.203,4304
613.226,4290
613.250,4284
613.274,4235
613.297,4144
613.321,4128
613.345,4133
613.368,4121
613.392,4096
613.416,4129
613.439,4200
613.463,4341
613.486,4395
613.510,4504
613.534,4552
613.557,4545
613.581,4583
613.605,4504
613.628,4454
613.652,4328
613.675,4395
613.699,4230
613.723,4380
613.746,4419
613.770,4499
613.793,4616
613.817,4873
613.841,4850
613.864,4877
613.888,4802
613.911,4873
613.935,4736
613.959,4736
613.982,4612
614.006,4581
614.029,4533
614.053,4560
614.077,4691
614.100,4816
614.124,4832
614.147,4989
614.171,5147
614.194,5229
614.218,5201
614.242,5096
614.265,5041
614.289,4985
614.312,4932
614.336,4865
614.359,4881
614.383,4856
614.407,4947
614.430,5082
614.454,5109
614.477,5280
614.501,5397
614.524,5451
614.548,5458
614.571,5466
614.595,5427
614.618,5323
614.642,5339
614.665,5281
614.689,5122
614.713,5112
614.736,5267
614.760,5344
614.783,5531
614.807,5635
614.830,5715
614.854,5787
614.877,5840
614.901,5766
614.924,5904
614.948,5800
614.971,5653
614.995,5510
615.018,5561
615.042,5619
615.065,5660
615.089,5736
615.112,5825
615.136,5931
615.159,6155
615.183,6144
615.206,6331
615.230,6288
615.253,6256
615.277,6329
615.300,6200
615.324,6132
615.347,6048
615.371,6044
615.394,6000
615.417,6170
615.441,6300
615.464,6480
615.488,6576
615.511,6725
615.535,6778
615.558,6880
615.582,6873
615.605,6922
615.629,6696
615.652,6650
615.676,6602
615.699,6611
615.722,6696
615.746,6693
615.769,6795
615.793,6980
615.816,7036
615.840,7328
615.863,7441
615.886,7592
615.910,7456
615.933,7605
615.957,7444
615.980,7496
616.004,7289
616.027,7256
616.050,7254
616.074,7312
616.097,7372
616.121,7481
616.144,7674
616.167,7851
616.191,8057
616.214,8027
616.238,8265
616.261,8209
616.284,8219
616.308,8056
616.331,8059
616.355,7968
616.378,7960
616.401,7956
616.425,7980
616.448,8032
616.472,8224
616.495,8441
616.518,8616
616.542,8800
616.565,8853
616.588,9056
616.612,9178
616.635,8932
616.659,8848
616.682,8864
616.705,8528
616.729,8547
616.752,8538
616.775,8736
616.799,8872
616.822,8841
616.845,9016
616.869,9131
616.892,9396
616.915,9483
616.939,9528
616.962,9298
616.985,9312
617.009,9000
617.032,8972
617.055,8904
617.079,8901
617.102,8864
617.125,8915
617.149,9040
617.172,9128
617.195,9424
617.219,9539
617.242,9632
617.265,9656
617.289,9616
617.312,9776
617.335,9632
617.359,9403
617.382,9344
617.405,9200
617.429,9305
617.452,9400
617.475,9408
617.498,9525
617.522,9696
617.545,9825
617.568,9955
617.592,10083
617.615,10096
617.638,10244
617.661,9977
617.685,9912
617.708,9785
617.731,9634
617.754,9632
617.778,9554
617.801,9653
617.824,9696
617.848,9832
617.871,10037
617.894,10049
617.917,10306
617.941,10392
617.964,10491
617.987,10392
618.010,10200
618.034,10016
618.057,9857
618.080,9776
618.103,9896
618.127,9797
618.150,9891
618.173,9928
618.196,10291
618.220,10320
618.243,10432
618.266,10488
618.289,10648
618.312,10515
618.336,10560
618.359,10280
618.382,10256
618.405,10088
618.429,9920
618.452,9830
618.475,10027
618.498,10020
618.521,10048
618.545,10144
618.568,10096
618.591,10400
618.614,10576
618.637,10500
618.661,10560
618.684,10408
618.707,10241
618.730,10032
618.753,10064
618.777,10097
618.800,9945
618.823,10048
618.846,10010
618.869,9993
618.892,10128
618.916,10312
618.939,10448
618.962,10581
618.985,10564
619.008,10568
619.031,10584
619.055,10521
619.078,10342
619.101,10195
619.124,10149
619.147,9848
619.170,9976
619.193,9892
619.217,9944
619.240,10068
619.263,10107
619.286,10440
619.309,10617
619.332,10707
619.355,10665
619.379,10584
619.402,10612
619.425,10507
619.448,10192
619.471,10123
619.494,10120
619.517,10070
619.540,9993
619.564,10256
619.587,10304
619.610,10538
619.633,10640
619.656,10835
619.679,10864
619.702,11008
619.725,11048
619.748,10912
619.772,10704
619.795,10434
619.818,10313
619.841,10128
619.864,10304
619.887,10373
619.910,10587
619.933,10640
619.956,10800
619.979,11108
620.002,11153
620.026,11320
620.049,11408
620.072,11282
620.095,11120
620.118,10964
620.141,10896
620.164,10834
620.187,10800
620.210,10856
620.233,10824
620.256,11002
620.279,11216
620.302,11257
620.325,11512
620.348,11892
620.371,11883
620.394,11876
620.417,11872
620.441,11936
620.464,11778
620.487,11604
620.510,11488
620.533,11418
620.556,11464
620.579,11536
620.602,11600
620.625,11818
620.648,11986
620.671,12091
620.694,12457
620.717,12593
620.740,12627
620.763,12762
620.786,12480
620.809,12521
620.832,12465
620.855,12504
620.878,12243
620.901,12165
620.924,12204
620.947,12113
620.970,12392
620.993,12544
621.016,12834
621.039,13056
621.062,13219
621.085,13593
621.108,13576
621.131,13562
621.154,13488
621.177,13412
621.200,13320
621.223,13249
621.246,13242
621.269,13044
621.292,13076
621.315,13250
621.338,13442
621.360,13632
621.383,13690
621.406,13960
621.429,14090
621.452,14352
621.475,14577
621.498,14416
621.521,14314
621.544,14144
621.567,13960
621.590,13689
621.613,13624
621.636,13592
621.659,13584
621.682,13696
621.705,14065
621.728,14240
621.750,14706
621.773,14928
621.796,15018
621.819,14890
621.842,14904
621.865,14852
621.888,14794
621.911,14634
621.934,14248
621.957,14051
621.980,13952
622.003,13888
622.025,14064
622.048,14088
622.071,14592
622.094,14808
622.117,15088
622.140,15273
622.163,15322
622.186,15322
622.209,15217
622.231,15016
622.254,14672
622.277,14520
622.300,14322
622.323,14288
622.346,14341
622.369,14352
622.392,14307
622.414,14664
622.437,14968
622.460,15352
622.483,15368
622.506,15493
622.529,15616
622.552,15480
622.574,15164
622.597,15162
622.620,14968
622.643,14720
622.666,14544
622.689,14472
622.711,14392
622.734,14528
622.757,14837
622.780,14912
622.803,15189
622.826,15217
622.848,15569
622.871,15620
622.894,15584
622.917,15720
622.940,15324
622.963,15184
622.985,15016
623.008,14960
623.031,14752
623.054,14600
623.077,14520
623.099,14773
623.122,15076
623.145,15400
623.168,15668
623.191,15672
623.213,15761
623.236,15892
623.259,15984
623.282,15816
623.305,15840
623.327,15768
623.350,15364
623.373,15088
623.396,14976
623.418,15272
623.441,15193
623.464,15488
623.487,15481
623.510,15752
623.532,15816
623.555,16264
623.578,16228
623.601,16496
623.623,16504
623.646,16297
623.669,15960
623.692,16004
623.714,15641
623.737,15808
623.760,15712
623.783,15544
623.805,15635
623.828,15856
623.851,16048
623.874,16432
623.896,16608
623.919,16584
623.942,16888
623.964,16930
623.987,16795
624.010,16640
624.033,16560
624.055,16338
624.078,15840
624.101,16040
624.123,16056
624.146,16224
624.169,16000
624.192,16322
624.214,16328
624.237,16708
624.260,16888
624.282,17168
624.305,17280
624.328,17192
624.350,16912
624.373,16880
624.396,16344
624.419,16532
624.441,16288
624.464,16216
624.487,16089
624.509,15928
624.532,16025
624.555,16204
624.577,16560
624.600,16665
624.623,16824
624.645,16856
624.668,17144
624.691,16920
624.713,16840
624.736,16579
624.759,16248
624.781,15672
624.804,15584
624.827,15696
624.849,15585
624.872,15460
624.894,15450
624.917,15529
624.940,15792
624.962,16049
624.985,16260
625.008,16432
625.030,16240
625.053,15904
625.076,15674
625.098,15248
625.121,15288
625.143,14848
625.166,14531
625.189,14400
625.211,14312
625.234,14105
625.256,14529
625.279,14576
625.302,14832
625.324,14723
625.347,14656
625.369,14648
625.392,14660
625.415,14544
625.437,14200
625.460,13880
625.482,13536
625.505,13296
625.528,12976
625.550,12976
625.573,12853
625.595,12776
625.618,12708
625.640,12884
625.663,13028
625.686,13408
625.708,13417
625.731,13419
625.753,13252
625.776,12800
625.798,12634
625.821,12322
625.844,12120
625.866,11832
625.889,11472
625.911,11274
625.934,11312
625.956,11505
625.979,11426
626.001,11748
626.024,11840
626.046,11872
626.069,11900
626.091,12004
626.114,11920
626.137,11712
626.159,11432
626.182,11032
626.204,10741
626.227,10624
626.249,10524
626.272,10368
626.294,10288
626.317,10329
626.339,10448
626.362,10704
626.384,10875
626.407,11219
626.429,11168
626.452,11020
626.474,10800
626.497,10616
626.519,10553
626.542,10344
626.564,10179
626.587,9768
626.609,9656
626.632,9573
626.654,9736
626.677,9856
626.699,10147
626.722,10384
626.744,10481
626.766,10523
626.789,10585
626.811,10672
626.834,10656
626.856,10601
626.879,10420
626.901,10101
626.924,9915
626.946,9716
626.969,9764
626.991,9836
627.014,9765
627.036,10048
627.058,10256
627.081,10427
627.103,10748
627.126,10936
627.148,11012
627.171,10960
627.193,10912
627.215,10712
627.238,10581
627.260,10609
627.283,10310
627.305,10160
627.328,10248
627.350,10304
627.372,10368
627.395,10635
627.417,11012
627.440,11152
627.462,11368
627.484,11424
627.507,11680
627.529,11890
627.552,11809
627.574,11808
627.596,11504
627.619,11456
627.641,11168
627.664,11344
627.686,11257
627.708,11078
627.731,11312
627.753,11409
627.775,11684
627.798,12080
627.820,12410
627.843,12624
627.865,12697
627.887,12738
627.910,12714
627.932,12785
627.954,12856
627.977,12650
627.999,12411
628.021,12064
628.044,12192
628.066,12232
628.088,12442
628.111,12480
628.133,12864
628.155,13152
628.178,13408
628.200,13552
628.222,13969
628.245,13968
628.267,13864
628.289,14000
628.312,13748
628.334,13444
628.356,13368
628.379,13336
628.401,13080
628.423,13264
628.446,13256
628.468,13256
628.490,13672
628.513,14032
628.535,14219
628.557,14168
628.580,14636
628.602,14560
628.624,14632
628.646,14688
628.669,14552
628.691,14425
628.713,13960
628.736,13952
628.758,13760
628.780,13568
628.802,13752
628.825,13760
628.847,14080
628.869,14152
628.891,14416
628.914,14699
628.936,14874
628.958,14784
628.981,14848
629.003,14784
629.025,14628
629.047,14544
629.070,14184
629.092,14120
629.114,13800
629.136,13658
629.159,13611
629.181,13829
629.203,13920
629.225,14144
629.248,14228
629.270,14466
629.292,14601
629.314,14677
629.336,14736
629.359,14688
629.381,14536
629.403,14233
629.425,14080
629.448,13656
629.470,13586
629.492,13416
629.514,13445
629.536,13572
629.559,13673
629.581,13776
629.603,13867
629.625,14161
629.647,14115
629.670,14324
629.692,14240
629.714,14224
629.736,13944
629.758,13801
629.781,13792
629.803,13520
629.825,13433
629.847,13384
629.869,13216
629.891,13481
629.914,13328
629.936,13432
629.958,13656
629.980,13672
630.002,13796
630.024,13873
630.047,13712
630.069,13817
630.091,13592
630.113,13545
630.135,13576
630.157,13280
630.180,13372
630.202,13208
630.224,13152
630.246,12888
630.268,13061
630.290,13081
630.312,13276
630.334,13168
630.357,13472
630.379,13603
630.401,13624
630.423,13667
630.445,13794
630.467,13720
630.489,13588
630.511,13452
630.534,13296
630.556,13177
630.578,13059
630.600,13136
631.070,15062
631.094,14930
631.118,14965
631.141,14928
631.165,14875
631.189,15124
631.212,15179
631.236,15424
631.260,15602
631.283,15722
631.307,15906
631.331,16064
631.354,15946
631.378,15776
631.402,15724
631.425,15672
631.449,15464
631.473,15552
631.496,15284
631.520,15260
631.544,15488
631.567,15648
631.591,15851
631.615,15914
631.638,16160
631.662,16321
631.686,16361
631.709,16272
631.733,16448
631.757,16112
631.780,16099
631.804,16074
631.828,15984
631.851,15732
631.875,15656
631.898,15600
631.922,15880
631.946,16056
631.969,16224
631.993,16416
632.017,16624
632.040,16688
632.064,16752
632.087,16648
632.111,16736
632.135,16416
632.158,16355
632.182,16329
632.205,16176
632.229,16008
632.253,16080
632.276,16033
632.300,16068
632.323,16259
632.347,16520
632.371,16704
632.394,16634
632.418,16832
632.441,17008
632.465,16857
632.489,16808
632.512,16656
632.536,16528
632.559,16304
632.583,16304
632.607,16252
632.630,16229
632.654,16336
632.677,16277
632.701,16592
632.724,16624
632.748,16745
632.771,16904
632.795,17184
632.819,16946
632.842,16980
632.866,16968
632.889,16912
632.913,16760
632.936,16626
632.960,16488
632.983,16256
633.007,16256
633.031,16336
633.054,16562
633.078,16600
633.101,16536
633.125,16832
633.148,17096
633.172,17177
633.195,17264
633.219,17136
633.242,17348
633.266,17000
633.289,16979
633.313,16928
633.336,16760
633.360,16544
633.383,16528
633.407,16435
633.430,16753
633.454,16898
633.478,17146
633.501,17376
633.525,17568
633.548,17768
633.572,17840
633.595,17688
633.619,17824
633.642,17600
633.665,17400
633.689,17258
633.712,17096
633.736,16914
633.759,16724
633.783,17137
633.806,17313
633.830,17712
633.853,18056
633.877,18176
633.900,18145
633.924,18457
633.947,18472
633.971,18387
633.994,18448
634.018,18192
634.041,18212
634.065,18048
634.088,17546
634.112,17657
634.135,18052
634.158,18048
634.182,18144
634.205,18504
634.229,18788
634.252,19108
634.276,19136
634.299,19296
634.323,19443
634.346,19322
634.369,19256
634.393,19178
634.416,18920
634.440,18824
634.463,18664
634.487,18868
634.510,18674
634.533,19136
634.557,19392
634.580,19488
634.604,19754
634.627,19952
634.650,20402
634.674,20496
634.697,20441
634.721,20408
634.744,20240
634.768,20160
634.791,19976
634.814,19816
634.838,19760
634.861,19796
634.885,19904
634.908,20116
634.931,20434
634.955,20497
634.978,20712
635.001,21210
635.025,21426
635.048,21633
635.072,21584
635.095,21352
635.118,21233
635.142,21168
635.165,20856
635.189,20848
635.212,20576
635.235,20640
635.259,20704
635.282,20914
635.305,21200
635.329,21288
635.352,21656
635.375,21832
635.399,22272
635.422,22144
635.445,22288
635.469,22224
635.492,21872
635.516,21760
635.539,21368
635.562,21240
635.586,21449
635.609,21280
635.632,21352
635.656,21668
635.679,21658
635.702,22048
635.726,22208
635.749,22417
635.772,22608
635.795,22656
635.819,22644
635.842,22394
635.865,22194
635.889,21872
635.912,21896
635.935,21824
635.959,21521
635.982,21576
636.005,21544
636.029,21617
636.052,21984
636.075,22148
636.099,22480
636.122,22616
636.145,22553
636.168,22745
636.192,22664
636.215,22576
636.238,22440
636.262,22097
636.285,21920
636.308,21448
636.331,21544
636.355,21320
636.378,21560
636.401,21752
636.424,21668
636.448,21904
636.471,22232
636.494,22536
636.518,22600
636.541,22648
636.564,22496
636.587,22624
636.611,22377
636.634,22432
636.657,22184
636.680,22144
636.704,22068
636.727,21904
636.750,21984
636.773,21864
636.797,22297
636.820,22624
636.843,22576
636.866,23032
636.890,23202
636.913,23288
636.936,23386
636.959,23281
636.982,23168
637.006,23201
637.029,23032
637.052,22608
637.075,22552
637.099,22704
637.122,22576
637.145,22560
637.168,22576
637.191,22848
637.215,23272
637.238,23316
637.261,23672
637.284,23777
637.307,23736
637.331,23768
637.354,23568
637.377,23560
637.400,23186
637.423,22800
637.447,22728
637.470,22568
637.493,22288
637.516,22288
637.539,22128
637.562,22260
637.586,22560
637.609,22515
637.632,22560
637.655,22945
637.678,23024
637.701,22842
637.725,23026
637.748,23032
637.771,22616
637.794,22212
637.817,22160
637.840,21944
637.864,21796
637.887,21688
637.910,21952
637.933,21984
637.956,22088
637.979,22240
638.002,22528
638.026,22585
638.049,22504
638.072,22728
638.095,22472
638.118,22308
638.141,22081
638.164,21896
638.188,21840
638.211,21456
638.234,21426
638.257,21272
638.280,21300
638.303,21152
638.326,21472
638.349,21480
638.372,21812
638.396,21944
638.419,21832
638.442,21769
638.465,22032
638.488,21688
638.511,21496
638.534,21456
638.557,21232
638.580,20816
638.604,20788
638.627,20600
638.650,20570
638.673,20627
638.696,20628
638.719,20848
638.742,20904
638.765,21136
638.788,21008
638.811,21320
638.834,21040
638.857,21024
638.880,20977
638.904,20916
638.927,20448
638.950,20184
638.973,19880
638.996,19744
639.019,19528
639.042,19488
639.065,19456
639.088,19680
639.111,19729
639.134,19904
639.157,20032
639.180,20194
639.203,20296
639.226,20248
639.249,20272
639.272,20040
639.295,19536
639.318,19432
639.341,19153
639.364,18920
639.387,18800
639.411,18840
639.434,18704
639.457,19000
639.480,18848
639.503,18968
639.526,19232
639.549,19296
639.572,19376
639.595,19560
639.618,19240
639.641,19105
639.664,18825
639.687,18632
639.710,18320
639.733,18096
639.756,17988
639.779,17776
639.802,17944
639.825,18068
639.848,18194
639.871,18234
639.894,18120
639.917,18624
639.940,18592
639.963,18656
639.986,18352
640.008,18520
640.031,18296
640.054,18184
640.077,17872
640.100,17472
640.123,17584
640.146,17392
640.169,17394
640.192,17504
640.215,17602
640.238,17508
640.261,17480
640.284,17832
640.307,17952
640.330,17836
640.353,17844
640.376,17844
640.399,17648
640.422,17512
640.445,17552
640.468,17224
640.491,17188
640.513,17024
640.536,17066
640.559,16824
640.582,16808
640.605,16704
640.628,17082
640.651,16944
640.674,17274
640.697,17512
640.720,17640
640.743,17480
640.766,17520
640.788,17364
640.811,17368
640.834,16920
640.857,16752
640.880,16740
640.903,16520
640.926,16480
640.949,16388
640.972,16564
640.995,16656
641.017,16793
641.040,17172
641.063,17280
641.086,17424
641.109,17553
641.132,17600
641.155,17586
641.178,17249
641.200,16880
641.223,16932
641.246,16664
641.269,16496
641.292,16416
641.315,16581
641.338,16457
641.361,16576
641.383,16848
641.406,16881
641.429,17440
641.452,17648
641.475,17810
641.498,18048
641.521,17826
641.543,17649
641.566,17520
641.589,17546
641.612,17120
641.635,17056
641.658,17042
641.680,16752
641.703,16865
641.726,17049
641.749,17360
641.772,17600
641.795,17888
641.817,18185
641.840,18696
641.863,18720
641.886,18728
641.909,18521
641.931,18672
641.954,18624
641.977,18288
642.000,17968
642.023,17682
642.045,17976
642.068,17928
642.091,18176
642.114,18568
642.137,18777
642.159,19089
642.182,19466
642.205,19619
642.228,20208
642.251,20273
642.273,20386
642.296,20388
642.319,20056
642.342,20132
642.364,19880
642.387,19848
642.410,19880
642.433,19984
642.456,19952
642.478,20256
642.501,20425
642.524,20916
642.547,21176
642.569,21368
642.592,21680
642.615,22328
642.638,22505
642.660,22560
642.683,22496
642.706,22600
642.729,22433
642.751,22368
642.774,22432
642.797,22424
642.820,22192
642.842,22696
642.865,22577
642.888,22888
642.910,23232
642.933,23464
642.956,24104
642.979,24633
643.001,24736
643.024,24929
643.047,25296
643.069,25424
643.092,25416
643.115,25296
643.138,25480
643.160,25168
643.183,24864
643.206,24754
643.228,25136
643.251,25264
643.274,25168
643.296,25800
643.319,26168
643.342,26568
643.365,27112
643.387,27504
643.410,27744
643.433,27840
643.455,28336
643.478,28216
643.501,27952
643.523,27800
643.546,27897
643.569,27624
643.591,27528
643.614,27568
643.637,27408
643.659,27488
643.682,28144
643.705,28664
643.727,28984
643.750,29344
643.773,29624
643.795,29808
643.818,30120
643.841,29912
643.863,30016
643.886,29920
643.908,29568
643.931,29240
643.954,29008
643.976,28816
643.999,28424
644.022,28400
644.044,28344
644.067,28544
644.089,28728
644.112,29008
644.135,29016
644.157,29572
644.180,29672
644.203,29624
644.225,29584
644.248,29232
644.270,28896
644.293,28744
644.316,28336
644.338,27873
644.361,27504
644.383,26864
644.406,26736
644.429,26584
644.451,26744
644.474,27032
644.496,27480
644.519,27416
644.542,27760
644.564,27728
644.587,28072
644.609,27960
644.632,27777
644.654,27864
644.677,27281
644.700,26584
644.722,26456
644.745,26256
644.767,25808
644.790,25736
644.812,25896
644.835,26194
644.857,25928
644.880,26160
644.903,26648
644.925,27104
644.948,27120
644.970,27217
644.993,27096
645.015,27176
645.038,27104
645.060,27000
645.083,26562
645.105,26192
645.128,26096
645.151,25600
645.173,25588
645.196,25592
645.218,25560
645.241,25792
645.263,26144
645.286,26212
645.308,26688
645.331,26640
645.353,26848
645.376,26784
645.398,26816
645.421,26416
645.443,26340
645.466,26148
645.488,25648
645.511,25048
645.533,24704
645.556,24184
645.578,23856
645.601,23524
645.623,23552
645.646,23120
645.668,22920
645.691,23032
645.713,23105
645.736,22468
645.758,22464
645.781,22072
645.803,21784
645.825,21248
645.848,20352
645.870,19827
645.893,19176
645.915,18309
645.938,17560
645.960,16688
645.983,16072
646.005,15544
646.028,14896
646.050,14459
646.073,13955
646.095,13620
646.117,13528
646.140,12997
646.162,12691
646.185,12441
646.207,11872
646.230,11576
646.252,11034
646.274,10346
646.297,9776
646.319,9400
646.342,8784
646.364,8416
646.387,7969
646.409,7538
646.431,7226
646.454,6933
646.476,6876
646.499,6694
646.521,6514
646.543,6538
646.566,6392
646.588,6200
646.611,6121
646.633,5804
646.655,5536
646.678,5334
646.700,5152
646.723,4872
646.745,4565
646.767,4491
646.790,4273
646.812,4101
646.835,3952
646.857,3945
646.879,3936
646.902,3990
646.924,3930
646.946,3928
646.969,3776
646.991,3787
647.014,3787
647.036,3680
647.058,3586
647.081,3496
647.103,3304
647.125,3297
647.148,3127
647.170,3105
647.192,3059
647.215,2989
647.237,2970
647.259,2892
647.282,2902
647.304,2947
647.326,3005
647.349,2937
647.371,3015
647.393,2889
647.416,2896
647.438,2832
647.460,2737
647.483,2675
647.505,2647
647.527,2631
647.550,2592
647.572,2496
647.594,2449
647.617,2512
647.639,2469
647.661,2416
647.683,2453
647.706,2454
647.728,2416
647.750,2371
647.773,2363
647.795,2330
647.817,2277
647.840,2305
647.862,2245
647.884,2219
647.906,2177
647.929,2118
647.951,2109
647.973,2061
647.995,2048
648.018,2069
648.040,1992
648.062,2007
648.085,1953
648.107,1963
648.129,1897
648.151,1863
648.174,1833
648.196,1826
648.218,1817
648.240,1762
648.263,1785
648.285,1776
648.307,1723
648.329,1744
648.352,1713
648.374,1705
648.396,1643
648.418,1648
648.441,1633
648.463,1578
648.485,1557
648.507,1516
648.529,1505
648.552,1520
648.574,1457
648.596,1475
648.618,1429
648.641,1478
648.663,1499
648.685,1504
648.707,1461
648.729,1477
648.752,1395
648.774,1457
648.796,1418
648.818,1335
648.840,1315
648.863,1336
648.885,1280
648.907,1309
648.929,1303
648.951,1323
648.973,1323
648.996,1290
649.018,1304
649.040,1337
649.062,1325
649.084,1314
649.107,1275
649.129,1251
649.151,1268
649.173,1235
649.195,1243
649.217,1217
649.240,1217
649.262,1225
649.284,1189
649.306,1179
649.328,1185
649.350,1178
649.372,1195
649.395,1225
649.417,1209
649.439,1219
649.461,1217
649.483,1194
649.505,1187
649.527,1187
649.550,1161
649.572,1152
649.594,1134
649.616,1128
649.638,1098
649.660,1104
649.682,1149
649.704,1136
649.727,1140
649.749,1178
649.771,1204
649.793,1176
649.815,1195
649.837,1168
649.859,1195
649.881,1173
649.903,1125
649.925,1107
649.948,1099
649.970,1083
649.992,1064
650.014,1093
650.036,1067
650.058,1085
650.080,1099
650.102,1098
650.124,1121
650.146,1155
650.168,1168
650.190,1169
650.213,1175
650.235,1139
650.257,1128
650.279,1125
650.301,1096
650.323,1049
650.345,1048
650.367,1080
650.389,1051
650.411,1077
650.433,1083
650.455,1092
650.477,1112
650.499,1110
650.521,1152
650.543,1152
650.565,1189
650.587,1137
650.609,1158
650.631,1136
650.653,1101
650.675,1085
650.698,1077
650.720,1050
650.742,1075
650.764,1049
650.786,1052
650.808,1067
650.830,1095
650.852,1132
650.874,1171
650.896,1159
650.918,1191
650.940,1169
650.962,1184
650.984,1163
651.006,1123
651.028,1105
651.050,1067
651.072,1064
651.094,1059
651.116,1027
651.138,1043
651.160,1036
651.182,1090
651.203,1100
651.225,1090
651.247,1121
651.269,1176
651.291,1171
651.313,1163
651.335,1161
651.357,1155
651.379,1090
651.401,1094
651.423,1061
651.445,1040
651.467,1014
651.489,1024
651.511,1017
651.533,1027
651.555,1030
651.577,1072
651.599,1099
651.621,1097
651.643,1131
651.665,1120
651.686,1137
651.708,1136
651.730,1152
651.752,1098
651.774,1059
651.796,1040
651.818,1024
651.840,1016
651.862,1000
651.884,1008
651.906,1040
651.928,1056
651.949,1043
651.971,1085
651.993,1067
652.015,1112
652.037,1108
652.059,1131
652.081,1130
652.103,1088
652.125,1088
652.146,1105
652.168,1027
652.190,1027
652.212,1000
652.234,1016
652.256,977
652.278,1002
652.300,994
652.322,1037
652.343,1040
652.365,1096
652.387,1086
652.409,1067
652.431,1065
652.453,1036
652.475,1059
652.496,1056
652.518,1016
652.540,982
652.562,998
652.584,983
652.606,955
652.627,976
652.649,955
652.671,1024
652.693,1024
652.715,1024
652.737,993
652.758,1037
652.780,1024
652.802,1021
652.824,1034
652.846,1019
652.868,1000
652.889,979
652.911,982
652.933,981
652.955,957
652.977,957
652.998,960
653.020,979
653.042,953
653.064,967
653.086,976
653.107,987
653.129,1008
653.151,1001
653.173,1005
653.195,987
653.216,987
653.238,978
653.260,976
653.282,944
653.304,947
653.325,941
653.347,931
653.369,960
653.391,970
653.412,918
653.434,965
653.456,971
653.478,981
653.499,1000
653.521,983
653.543,979
653.565,989
653.586,1003
653.608,971
653.630,970
653.652,936
653.673,961
653.695,928
653.717,924
653.739,941
653.760,928
653.782,938
653.804,965
653.826,978
653.847,971
653.869,1009
653.891,981
653.912,996
653.934,1016
653.956,1006
653.978,969
653.999,928
654.021,961
654.043,946
654.064,960
654.086,928
654.108,923
654.129,907
654.151,960
654.173,951
654.195,958
654.216,1002
654.238,992
654.260,1027
654.281,986
654.303,1011
654.325,1003
654.346,995
654.368,982
654.390,957
654.411,929
654.433,954
654.455,937
654.476,944
654.498,933
654.520,977
654.541,973
654.563,1000
654.585,995
654.606,1049
654.628,1009
654.650,1035
654.671,1006
654.693,1009
654.714,1016
654.736,1001
654.758,981
654.779,955
654.801,973
654.823,961
654.844,971
654.866,967
654.888,985
654.909,993
654.931,1010
654.952,1029
654.974,1065
654.996,1033
655.017,1049
655.039,1051
655.060,1059
655.082,1040
655.104,1040
655.125,1024
655.147,1008
655.168,981
655.190,963
655.212,971
655.233,1013
655.255,1004
655.276,1026
655.298,1040
655.320,1081
655.341,1053
655.363,1120
655.384,1120
655.406,1085
655.427,1064
655.449,1063
655.471,1053
655.492,1019
655.514,1033
655.535,1013
655.557,1030
655.578,992
655.600,988
655.621,1040
655.643,1040
655.665,1080
655.686,1062
655.708,1082
655.729,1120
655.751,1145
655.772,1127
655.794,1130
655.815,1099
655.837,1105
655.858,1051
655.880,1046
655.901,1066
655.923,1063
655.944,1024
655.966,1053
655.987,1040
656.009,1034
656.030,1061
656.052,1093
656.074,1093
656.095,1136
656.117,1173
656.138,1145
656.160,1187
656.181,1143
656.202,1158
656.224,1160
656.245,1079
656.267,1088
656.288,1075
656.310,1066
656.331,1040
656.353,1061
656.374,1075
656.396,1073
656.417,1104
656.439,1168
656.460,1162
656.482,1187
656.503,1219
656.525,1216
656.546,1187
656.568,1196
656.589,1161
656.610,1161
656.632,1131
656.653,1104
656.675,1118
656.696,1069
656.718,1095
656.739,1109
656.761,1120
656.782,1113
656.803,1130
656.825,1189
656.846,1213
656.868,1243
656.889,1251
656.911,1273
656.932,1232
656.953,1233
656.975,1184
656.996,1205
657.018,1174
657.039,1137
657.060,1122
657.082,1136
657.103,1136
657.125,1145
657.146,1142
657.168,1171
657.189,1205
657.210,1236
657.232,1253
657.253,1276
657.274,1285
657.296,1283
657.317,1251
657.339,1290
657.360,1234
657.381,1202
657.403,1220
657.424,1209
657.445,1175
657.467,1181
657.488,1187
657.510,1191
657.531,1233
657.552,1224
657.574,1246
657.595,1313
657.616,1313
657.638,1326
657.659,1361
657.680,1325
657.702,1365
657.723,1317
657.744,1288
657.766,1296
657.787,1269
657.808,1260
657.830,1228
657.851,1221
657.872,1238
657.894,1251
657.915,1271
657.936,1287
657.958,1289
657.979,1320
658.000,1350
658.022,1413
658.043,1419
658.064,1395
658.086,1435
658.107,1379
658.128,1376
658.149,1360
658.171,1353
658.192,1336
658.213,1324
658.235,1306
658.256,1296
658.277,1306
658.299,1331
658.320,1365
658.341,1403
658.362,1446
658.384,1427
658.405,1451
658.426,1472
658.447,1501
658.469,1516
658.490,1454
658.511,1483
658.533,1480
658.554,1405
658.575,1434
658.596,1401
658.618,1395
658.639,1411
658.660,1383
658.681,1410
658.703,1426
658.724,1401
658.745,1428
658.766,1509
658.787,1515
658.809,1523
658.830,1541
658.851,1544
658.872,1480
658.894,1496
658.915,1521
658.936,1469
658.957,1467
658.978,1427
659.000,1413
659.021,1450
659.042,1408
659.063,1409
659.085,1443
659.106,1475
659.127,1486
659.148,1515
659.169,1560
659.191,1553
659.212,1568
659.233,1504
659.254,1541
659.275,1537
659.296,1540
659.318,1555
659.339,1467
659.360,1523
659.381,1504
659.402,1461
659.424,1448
659.445,1443
659.466,1497
659.487,1467
659.508,1491
659.529,1514
659.550,1560
659.572,1545
659.593,1539
659.614,1560
659.635,1546
659.656,1562
659.677,1496
659.699,1520
659.720,1499
659.741,1464
659.762,1451
659.783,1473
659.804,1441
659.825,1470
659.846,1479
659.868,1427
659.889,1497
659.910,1538
659.931,1563
659.952,1547
659.973,1509
659.994,1568
660.015,1507
660.037,1512
660.058,1520
660.079,1501
660.100,1499
660.121,1440
660.142,1443
660.163,1466
660.184,1435
660.205,1459
660.226,1445
660.247,1429
660.269,1508
660.290,1465
660.311,1485
660.332,1488
660.353,1520
660.360,1531
660.382,1527
660.405,1497
660.428,1570
660.451,1565
660.473,1577
660.496,1556
660.519,1576
660.541,1577
660.564,1616
660.587,1573
660.609,1649
660.632,1637
660.655,1574
660.678,1531
660.700,1545
660.723,1545
660.746,1560
660.768,1496
660.791,1480
660.814,1523
660.836,1548
660.859,1523
660.882,1574
660.904,1624
660.927,1675
660.950,1577
660.972,1629
660.995,1595
661.018,1590
661.040,1536
661.063,1515
661.086,1499
661.108,1477
661.131,1475
661.154,1477
661.176,1482
661.199,1529
661.222,1511
661.244,1579
661.267,1616
661.290,1568
661.312,1621
661.335,1635
661.358,1635
661.380,1629
661.403,1581
661.426,1555
661.448,1543
661.471,1527
661.493,1532
661.516,1517
661.539,1491
661.561,1512
661.584,1552
661.607,1536
661.629,1601
661.652,1620
661.674,1632
661.697,1675
661.720,1664
661.742,1667
661.765,1674
661.787,1640
661.810,1632
661.833,1603
661.855,1557
661.878,1539
661.900,1497
661.923,1531
661.946,1541
661.968,1514
661.991,1561
662.013,1621
662.036,1673
662.059,1733
662.081,1754
662.104,1731
662.126,1717
662.149,1778
662.171,1737
662.194,1681
662.217,1680
662.239,1625
662.262,1641
662.284,1600
662.307,1601
662.329,1619
662.352,1625
662.374,1658
662.397,1712
662.420,1771
662.442,1760
662.465,1813
662.487,1857
662.510,1875
662.532,1829
662.555,1831
662.577,1856
662.600,1833
662.622,1751
662.645,1719
662.668,1674
662.690,1721
662.713,1689
662.735,1752
662.758,1777
662.780,1731
662.803,1880
662.825,1885
662.848,1960
662.870,1971
662.893,1973
662.915,2011
662.938,2045
662.960,2055
662.983,2032
663.005,1923
663.028,1923
663.050,1977
663.073,1936
663.095,1912
663.118,1885
663.140,1883
663.163,1931
663.185,1985
663.208,2059
663.230,2096
663.253,2192
663.275,2185
663.298,2230
663.320,2235
663.343,2246
663.365,2288
663.387,2249
663.410,2267
663.432,2189
663.455,2172
663.477,2025
663.500,2080
663.522,2064
663.545,2104
663.567,2094
663.590,2150
663.612,2202
663.635,2326
663.657,2400
663.679,2432
663.702,2406
663.724,2512
663.747,2547
663.769,2577
663.792,2473
663.814,2419
663.836,2403
663.859,2329
663.881,2355
663.904,2265
663.926,2279
663.949,2210
663.971,2285
663.993,2352
664.016,2403
664.038,2452
664.061,2553
664.083,2571
664.105,2693
664.128,2682
664.150,2722
664.173,2707
664.195,2681
664.217,2568
664.240,2515
664.262,2411
664.285,2387
664.307,2296
664.329,2336
664.352,2368
664.374,2432
664.397,2491
664.419,2497
664.441,2614
664.464,2694
664.486,2808
664.508,2838
664.531,2849
664.553,2832
664.576,2762
664.598,2736
664.620,2696
664.643,2621
664.665,2528
664.687,2513
664.710,2403
664.732,2385
664.754,2467
664.777,2573
664.799,2594
664.821,2693
664.844,2775
664.866,2875
664.889,2955
664.911,2971
664.933,3008
664.956,2915
664.978,2899
665.000,2851
665.023,2816
665.045,2689
665.067,2656
665.089,2547
665.112,2529
665.134,2601
665.156,2695
665.179,2768
665.201,2939
665.223,2994
665.246,3168
665.268,3317
665.290,3385
665.313,3427
665.335,3539
665.357,3459
665.380,3440
665.402,3384
665.424,3320
665.446,3301
665.469,3281
665.491,3312
665.513,3402
665.536,3459
665.558,3732
665.580,3881
665.602,4168
665.625,4480
665.647,4810
665.669,5002
665.691,5225
665.714,5492
665.736,5701
665.758,5944
665.781,6146
665.803,6337
665.825,6450
665.847,6722
665.870,6768
665.892,7205
665.914,7536
665.936,7968
665.959,8641
665.981,9531
666.003,10226
666.025,11184
666.048,12352
666.070,13350
666.092,14440
666.114,15552
666.136,17084
666.159,18140
666.181,19384
666.203,20304
666.225,21264
666.248,21792
666.270,22401
666.292,22834
666.314,22946
666.336,22808
666.359,22576
666.381,21984
666.403,21504
666.425,20848
666.448,20008
666.470,19328
666.492,18624
666.514,18088
666.536,17380
666.558,16712
666.581,15828
666.603,15464
666.625,14657
666.647,14072
666.669,13128
666.692,12410
666.714,11317
666.736,10336
666.758,9491
666.780,8683
666.802,8060
666.825,7442
666.847,6946
666.869,6592
666.891,6434
666.913,6288
666.935,6163
666.958,6261
666.980,6400
667.002,6482
667.024,6379
667.046,6393
667.068,6288
667.091,6056
667.113,5745
667.135,5508
667.157,5138
667.179,4684
667.201,4541
667.223,4144
667.246,4000
667.268,3858
667.290,3795
667.312,3784
667.334,3818
667.356,3909
667.378,4139
667.400,4243
667.423,4309
667.445,4386
667.467,4401
667.489,4304
667.511,4208
667.533,4099
667.555,3813
667.577,3633
667.599,3435
667.622,3312
667.644,3062
667.666,2944
667.688,2944
667.710,2985
667.732,3017
667.754,3200
667.776,3228
667.798,3408
667.820,3552
667.842,3616
667.864,3665
667.887,3621
667.909,3595
667.931,3507
667.953,3376
667.975,3184
667.997,3096
668.019,2851
668.041,2768
668.063,2681
668.085,2610
668.107,2595
668.129,2663
668.151,2736
668.173,2832
668.195,2922
668.217,3057
668.240,3216
668.262,3224
668.284,3254
668.306,3306
668.328,3243
668.350,3081
668.372,3001
668.394,2805
668.416,2769
668.438,2674
668.460,2539
668.482,2464
668.504,2499
668.526,2439
668.548,2592
668.570,2695
668.592,2689
668.614,2851
668.636,2955
668.658,3051
668.680,3136
668.702,3160
668.724,3057
668.746,3024
668.768,2977
668.790,2890
668.812,2768
668.834,2608
668.856,2529
668.878,2507
668.900,2451
668.922,2488
668.944,2555
668.966,2454
668.988,2605
669.010,2677
669.032,2817
669.054,2899
669.076,3000
669.098,3049
669.120,3045
669.142,3027
669.164,3065
669.186,2963
669.208,2813
669.229,2720
669.251,2600
669.273,2598
669.295,2469
669.317,2448
669.339,2506
669.361,2421
669.383,2512
669.405,2707
669.427,2739
669.449,2856
669.471,3050
669.493,3035
669.515,3091
669.537,3072
669.559,3034
669.580,2948
669.602,2917
669.624,2792
669.646,2691
669.668,2568
669.690,2548
669.712,2484
669.734,2499
669.756,2536
669.778,2593
669.800,2680
669.821,2851
669.843,2928
669.865,3107
669.887,3067
669.909,3120
669.931,3202
669.953,3147
669.975,3064
669.997,3056
670.019,2825
670.040,2823
670.062,2691
670.084,2673
670.106,2534
670.128,2585
670.150,2585
670.172,2659
670.194,2913
670.215,2986
670.237,3136
670.259,3336
670.281,3363
670.303,3424
670.325,3484
670.347,3424
670.368,3312
670.390,3365
670.412,3200
670.434,3028
670.456,2918
670.478,2883
670.499,2835
670.521,2755
670.543,2889
670.565,2977
670.587,3200
670.609,3291
670.630,3589
670.652,3809
670.674,3915
670.696,4026
670.718,4154
670.740,4112
670.761,4010
670.783,3956
670.805,3872
670.827,3768
670.849,3544
670.870,3555
670.892,3402
670.914,3400
670.936,3461
670.958,3546
670.979,3792
671.001,3975
671.023,4336
671.045,4537
671.067,4872
671.088,5010
671.110,5211
671.132,5224
671.154,5306
671.175,5210
671.197,5219
671.219,4988
671.241,4909
671.263,4688
671.284,4577
671.306,4548
671.328,4592
671.350,4672
671.371,4962
671.393,5321
671.415,5585
671.437,6091
671.458,6451
671.480,6827
671.502,7208
671.524,7380
671.545,7563
671.567,7680
671.589,7529
671.611,7291
671.632,7285
671.654,7016
671.676,6904
671.698,6828
671.719,6800
671.741,6745
671.763,6995
671.784,7408
671.806,7784
671.828,8285
671.850,8923
671.871,9493
671.893,10001
671.915,10560
671.936,10888
671.958,11168
671.980,11384
672.002,11264
672.023,11104
672.045,10980
672.067,10721
672.088,10491
672.110,10389
672.132,10240
672.153,10384
672.175,10616
672.197,10960
672.218,11544
672.240,12136
672.262,12824
672.283,13716
672.305,14355
672.327,14984
672.348,15461
672.370,15906
672.392,16128
672.413,16112
672.435,15964
672.457,15640
672.478,15416
672.500,15060
672.522,14824
672.543,14528
672.565,14520
672.587,14680
672.608,14872
672.630,15232
672.652,15809
672.673,16787
672.695,17392
672.716,18026
672.738,18972
672.760,19424
672.781,19760
672.803,20008
672.825,20240
672.846,20096
672.868,19937
672.889,19480
672.911,18849
672.933,18480
672.954,17944
672.976,17648
672.998,17353
673.019,17281
673.041,17585
673.062,17872
673.084,18520
673.106,19024
673.127,19664
673.149,20265
673.170,20873
673.192,21417
673.213,21576
673.235,21600
673.257,21624
673.278,21272
673.300,20808
673.321,20392
673.343,19796
673.365,19248
673.386,18640
673.408,18177
673.429,18008
673.451,17834
673.472,17936
673.494,18048
673.515,18517
673.537,19012
673.559,19640
673.580,20308
673.602,20800
673.623,20800
673.645,20976
673.666,21256
673.688,21203
673.709,20728
673.731,20496
673.752,19904
673.774,19201
673.796,18332
673.817,17592
673.839,17217
673.860,17077
673.882,16824
673.903,16921
673.925,17288
673.946,17584
673.968,18154
673.989,18660
674.011,19364
674.032,19896
674.054,20304
674.075,20392
674.097,20480
674.118,20152
674.140,19648
674.161,19248
674.183,18544
674.204,17707
674.226,17240
674.247,16756
674.269,16240
674.290,15776
674.312,15964
674.333,16288
674.355,16520
674.376,17219
674.398,17828
674.419,18152
674.441,18960
674.462,19124
674.483,19604
674.505,19872
674.526,19498
674.548,19232
674.569,18960
674.591,18249
674.612,17616
674.634,16808
674.655,16504
674.677,16025
674.698,15648
674.719,15576
674.741,15713
674.762,16000
674.784,16516
674.805,17216
674.827,17600
674.848,18240
674.870,18768
674.891,19130
674.912,19360
674.934,19408
674.955,19450
674.977,19192
674.998,18880
675.019,18080
675.041,17658
675.062,17060
675.084,16440
675.105,16048
675.127,15952
675.148,15968
675.169,16128
675.191,16498
675.212,17012
675.233,17649
675.255,17864
675.276,18800
675.298,19289
675.319,19641
675.340,19906
675.362,19816
675.383,20081
675.405,19864
675.426,19176
675.447,18612
675.469,17944
675.490,17584
675.511,16920
675.533,16553
675.554,16433
675.576,16560
675.597,16632
675.618,17188
675.640,17856
675.661,18612
675.682,19208
675.704,20009
675.725,20857
675.746,21220
675.768,21600
675.789,21792
675.810,21713
675.832,21504
675.853,21256
675.874,20720
675.896,20049
675.917,19376
675.938,19040
675.960,18448
675.981,18560
676.002,18595
676.024,19128
676.045,19696
676.066,20468
676.088,21384
676.109,22448
676.130,23432
676.151,24224
676.173,24560
676.194,25060
676.215,25480
676.237,25360
676.258,24744
676.279,23986
676.301,23504
676.322,22848
676.343,22169
676.364,21560
676.386,21296
676.407,21161
676.428,21520
676.450,21816
676.471,22720
676.492,23560
676.513,24416
676.535,25410
676.556,26552
676.577,27272
676.598,28024
676.620,28216
676.641,28448
676.662,28416
676.683,27624
676.705,27313
676.726,26272
676.747,25656
676.768,24824
676.790,24032
676.811,23833
676.832,23684
676.853,23984
676.875,24736
676.896,25224
676.917,26584
676.938,27616
676.960,28712
676.981,29656
677.002,30593
677.023,31264
677.044,31672
677.066,31408
677.087,31504
677.108,30376
677.129,29440
677.150,28864
677.172,27712
677.193,26993
677.214,26456
677.235,26040
677.256,25904
677.278,26144
677.299,26688
677.320,27448
677.341,28418
677.362,29408
677.384,30408
677.405,31601
677.426,32176
677.447,32648
677.468,32744
677.489,32880
677.511,32832
677.532,32160
677.553,30968
677.574,30040
677.595,29064
677.616,27536
677.638,27364
677.659,26800
677.680,26704
677.701,26480
677.722,27058
677.743,27552
677.765,28081
677.786,29072
677.807,30184
677.828,31040
677.849,31504
677.870,32328
677.891,32384
677.913,32056
677.934,31489
677.955,30992
677.976,30304
677.997,29008
678.018,28064
678.039,27256
678.060,26184
678.081,25744
678.103,24980
678.124,25088
678.145,25264
678.166,25536
678.187,26136
678.208,26760
678.229,27736
678.250,28368
678.271,29096
678.293,29592
678.314,29600
678.335,29544
678.356,29104
678.377,28841
678.398,28096
678.419,26952
678.440,26064
678.461,25017
678.482,23888
678.503,23168
678.524,22952
678.546,22704
678.567,22816
678.588,23304
678.609,23792
678.630,24456
678.651,25288
678.672,25905
678.693,26464
678.714,26904
678.735,27384
678.756,27184
678.777,26648
678.798,26337
678.819,25640
678.840,24208
678.861,23544
678.882,22504
678.903,21872
678.924,20900
678.945,20506
678.966,20256
678.987,20400
679.008,20768
679.030,21140
679.051,21882
679.072,22672
679.093,23464
679.114,23944
679.135,24488
679.156,24496
679.177,24768
679.198,24520
679.219,24152
679.240,23120
679.261,22338
679.282,21320
679.303,20552
679.324,19976
679.345,19288
679.366,18696
679.387,18584
679.408,18817
679.428,18906
679.449,19264
679.470,19960
679.491,20768
679.512,21296
679.533,22185
679.554,22464
679.575,22808
679.596,22946
679.617,22752
679.638,22112
679.659,21504
679.680,20528
679.701,20058
679.722,19280
679.743,18546
679.764,17880
679.785,17400
679.806,17440
679.827,17372
679.848,17800
679.869,18192
679.890,18640
679.910,19396
679.931,20128
679.952,20784
679.973,21168
679.994,21584
680.015,21626
680.036,21456
680.057,21328
680.078,20800
680.099,20064
680.120,19458
680.141,18578
680.161,17956
680.182,17504
680.203,17160
680.224,16836
680.245,16792
680.266,17060
680.287,17424
680.308,18128
680.329,18968
680.350,19584
680.370,20112
680.391,20824
680.412,21168
680.433,21480
680.454,21192
680.475,21273
680.496,20832
680.517,20080
680.537,19456
680.558,18984
680.579,18176
680.600,17425
680.621,17172
680.642,16936
680.663,16770
680.683,17176
680.704,17496
680.725,18360
680.746,18808
680.767,19792
680.788,20264
680.809,20984
680.829,21418
680.850,21769
680.871,21696
680.892,21649
680.913,21409
680.934,20752
680.954,20440
680.975,19392
680.996,18992
681.017,18536
681.038,17992
681.058,17528
681.079,17649
681.100,17673
681.121,18256
681.142,18856
681.162,19712
681.183,20344
681.204,21076
681.225,21888
681.246,22280
681.266,22696
681.287,22832
681.308,22952
681.329,22576
681.350,22522
681.370,21880
681.391,21136
681.412,20432
681.433,19808
681.454,19408
681.474,19192
681.495,18976
681.516,19241
681.537,19520
681.557,19960
681.578,20768
681.599,21488
681.620,22240
681.640,22928
681.661,23568
681.682,24064
681.703,24624
681.723,24688
681.744,24768
681.765,24456
681.786,23952
681.806,23312
681.827,22626
681.848,22065
681.869,21281
681.889,21176
681.910,20980
681.931,20896
681.951,21040
681.972,21273
681.993,22144
682.014,22737
682.034,23632
682.055,24616
682.076,25256
682.096,26216
682.117,26528
682.138,26536
682.159,26832
682.179,26408
682.200,26512
682.221,25976
682.241,25424
682.262,24688
682.283,23944
682.303,23577
682.324,22820
682.345,22728
682.366,22800
682.386,23256
682.407,23528
682.428,24144
682.448,24976
682.469,25780
682.490,26784
682.510,27536
682.531,28208
682.552,28848
682.572,29137
682.593,29008
682.613,28704
682.634,28232
682.655,27716
682.675,26888
682.696,26448
682.717,25656
682.737,25154
682.758,24904
682.779,24536
682.799,24624
682.820,24912
682.841,25560
682.861,26048
682.882,27048
682.902,27864
682.923,28464
682.944,29360
682.964,29849
682.985,30168
683.006,30480
683.026,30400
683.047,30048
683.067,29696
683.088,29656
683.109,28480
683.129,27704
683.150,27144
683.170,26498
683.191,25920
683.212,25904
683.232,26016
683.253,26320
683.273,26561
683.294,27544
683.314,28072
683.335,29120
683.356,29632
683.376,30448
683.397,30960
683.417,31528
683.438,31536
683.458,31488
683.479,31288
683.500,30760
683.520,30064
683.541,29544
683.561,29152
683.582,28016
683.602,27408
683.623,26856
683.643,26920
683.664,26608
683.685,27120
683.705,27488
683.726,28056
683.746,28928
683.767,29762
683.787,30352
683.808,30792
683.828,31296
683.849,31681
683.869,32096
683.890,32056
683.910,31872
683.931,31520
683.951,30705
683.972,29912
683.992,29216
684.013,28448
684.033,27521
684.054,27272
684.074,27080
684.095,27265
684.115,27104
684.136,27472
684.156,28008
684.177,28513
684.197,29224
684.218,30152
684.238,30880
684.259,31600
684.279,31968
684.300,32208
684.320,32256
684.341,32104
684.361,31480
684.382,30818
684.402,29976
684.423,29296
684.443,28376
684.464,28040
684.484,27248
684.505,26896
684.525,27288
684.545,27040
684.566,27360
684.586,28000
684.607,28712
684.627,29288
684.648,30208
684.668,30720
684.689,31332
684.709,31920
684.729,32128
684.750,32248
684.770,32232
684.791,31376
684.811,30600
684.832,30176
684.852,29248
684.872,28560
684.893,27954
684.913,27560
684.934,27080
684.954,26848
684.974,26680
684.995,26880
685.015,27640
685.036,28048
685.056,29192
685.076,29912
685.097,30544
685.117,31408
685.138,31896
685.158,32176
685.178,32040
685.199,31848
685.219,31448
685.240,30744
685.260,30064
685.280,29496
685.301,28640
685.321,27544
685.341,27033
685.362,26688
685.382,26624
685.402,26648
685.423,27000
685.443,27584
685.464,28336
685.484,29088
685.504,29720
685.525,30408
685.545,31088
685.565,31696
685.586,31800
685.606,32224
685.626,31912
685.647,31464
685.667,30560
685.687,30184
685.708,29474
685.728,28504
685.748,27616
685.769,27121
685.789,26800
685.809,26712
685.830,26368
685.850,26816
685.870,27336
685.890,28100
685.911,28832
685.931,29281
685.951,30152
685.972,30912
685.992,31144
686.012,31808
686.033,31680
686.053,31448
686.073,31104
686.093,30576
686.114,29976
686.134,29080
686.154,28688
686.175,27600
686.195,27120
686.215,26704
686.235,26153
686.256,26200
686.276,26376
686.296,26424
686.316,27300
686.337,27800
686.357,28760
686.377,29256
686.397,29816
686.418,30320
686.438,31000
686.458,31328
686.478,31056
686.499,30768
686.519,30336
686.539,29696
686.559,29200
686.580,28032
686.600,27288
686.620,26834
686.640,26116
686.661,26032
686.681,25736
686.701,25977
686.721,26100
686.741,26472
686.762,27176
686.782,27937
686.802,28560
686.822,29528
686.843,29840
686.863,30520
686.883,30648
686.903,30512
686.923,29952
686.944,30041
686.964,29584
686.984,28961
687.004,27968
687.024,27160
687.044,26352
687.065,25736
687.085,25640
687.105,25504
687.125,25720
687.145,25816
687.166,26136
687.186,26736
687.206,27185
687.226,28032
687.246,28728
687.266,29784
687.287,30016
687.307,30384
687.327,30712
687.347,30216
687.367,29992
687.387,29336
687.407,28928
687.428,28408
687.448,27264
687.468,26945
687.488,26352
687.508,25720
687.528,25680
687.548,25620
687.568,25504
687.589,25816
687.609,26416
687.629,26816
687.649,27600
687.669,28448
687.689,29056
687.709,29664
687.729,30304
687.750,30448
687.770,30436
687.790,30440
687.810,29976
687.830,29816
687.850,29064
687.870,28577
687.890,27912
687.910,27112
687.930,26688
687.950,26273
687.971,25848
687.991,25936
688.011,26192
688.031,26272
688.051,27160
688.071,27776
688.091,28528
688.111,29576
688.131,30288
688.151,30816
688.171,31424
688.191,31488
688.207,30768
688.229,31168
688.250,32008
688.272,33024
688.294,34000
688.316,35272
688.337,36432
688.359,37232
688.381,37712
688.403,37744
688.424,37840
688.446,37840
688.468,37264
688.490,36544
688.511,35288
688.533,34520
688.555,33528
688.577,32832
688.598,32336
688.620,32416
688.642,32328
688.663,32992
688.685,33784
688.707,34584
688.729,35800
688.750,36656
688.772,37984
688.794,38992
688.815,39872
688.837,40296
688.859,40400
688.881,39952
688.902,39496
688.924,38472
688.946,37720
688.967,36896
688.989,35984
689.011,35296
689.032,34592
689.054,33856
689.076,34288
689.097,34544
689.119,35272
689.141,35816
689.162,37248
689.184,38432
689.206,39456
689.227,40768
689.249,41520
689.271,41920
689.292,42272
689.314,42096
689.336,42024
689.357,41024
689.379,40280
689.401,39424
689.422,38240
689.444,37392
689.466,36560
689.487,36000
689.509,35856
689.531,35912
689.552,36120
689.574,37568
689.595,38192
689.617,39432
689.639,40552
689.660,41824
689.682,42760
689.704,43296
689.725,43680
689.747,43816
689.769,43680
689.790,42880
689.812,42240
689.833,41320
689.855,40304
689.877,39056
689.898,38336
689.920,37216
689.941,36816
689.963,36856
689.985,36848
690.006,37760
690.028,38336
690.049,39608
690.071,40880
690.093,41824
690.114,42984
690.136,43624
690.157,44400
690.179,44480
690.200,44944
690.222,44176
690.244,43704
690.265,42656
690.287,41776
690.308,40404
690.330,39128
690.351,37880
690.373,37408
690.395,37096
690.416,36920
690.438,37272
690.459,37920
690.481,38736
690.502,40024
690.524,41456
690.545,42368
690.567,43536
690.589,44016
690.610,44920
690.632,44928
690.653,44888
690.675,44272
690.696,43424
690.718,42500
690.739,41064
690.761,39952
690.782,38656
690.804,37888
690.825,37040
690.847,36672
690.868,36880
690.890,37336
690.912,38416
690.933,39440
690.955,40576
690.976,41768
690.998,43104
691.019,44144
691.041,44816
691.062,45248
691.084,45632
691.105,44880
691.127,44568
691.148,43672
691.170,42280
691.191,40912
691.213,39416
691.234,38624
691.256,37632
691.277,36880
691.298,36784
691.320,37144
691.341,37880
691.363,39152
691.384,40368
691.406,41204
691.427,42768
691.449,43784
691.470,45152
691.492,45584
691.513,45680
691.535,45808
691.556,45424
691.578,44704
691.599,43352
691.620,42064
691.642,40612
691.663,39192
691.685,38464
691.706,37816
691.728,37568
691.749,37360
691.771,37920
691.792,38896
691.813,40040
691.835,41488
691.856,42900
691.878,44096
691.899,45572
691.921,46200
691.942,46744
691.963,46864
691.985,46504
692.006,45880
692.028,45056
692.049,43984
692.070,42696
692.092,41288
692.113,40208
692.135,39232
692.156,38808
692.177,38752
692.199,38784
692.220,39824
692.242,40840
692.263,42128
692.284,43416
692.306,45008
692.327,46024
692.349,47560
692.370,48080
692.391,48704
692.413,48976
692.434,48456
692.455,47792
692.477,46160
692.498,45712
692.520,43960
692.541,42648
692.562,41508
692.584,41000
692.605,40680
692.626,41008
692.648,41328
692.669,42000
692.690,42864
692.712,44208
692.733,46072
692.755,47384
692.776,48744
692.797,49976
692.819,51104
692.840,51128
692.861,51120
692.883,50872
692.904,49920
692.925,48592
692.947,47408
692.968,46472
692.989,45208
693.010,44080
693.032,43560
693.053,43048
693.074,43760
693.096,43744
693.117,45064
693.138,46224
693.160,47488
693.181,48896
693.202,50688
693.224,52128
693.245,53072
693.266,53856
693.288,54112
693.309,54104
693.330,53872
693.351,52912
693.373,51520
693.394,50304
693.415,48832
693.437,47840
693.458,47088
693.479,46352
693.500,46064
693.522,46168
693.543,46880
693.564,47584
693.585,48848
693.607,50288
693.628,52080
693.649,53488
693.670,55200
693.692,56112
693.713,56672
693.734,56872
693.756,56832
693.777,56048
693.798,55216
693.819,53656
693.841,52536
693.862,51640
693.883,49944
693.904,48880
693.925,48128
693.947,47960
693.968,48136
693.989,48472
694.010,49736
694.032,50992
694.053,52336
694.074,53664
694.095,55304
694.117,56960
694.138,57392
694.159,58320
694.180,58608
694.201,58456
694.223,58048
694.244,56680
694.265,55496
694.286,53984
694.307,52448
694.329,51384
694.350,49968
694.371,49088
694.392,49200
694.413,49176
694.435,49272
694.456,50112
694.477,51184
694.498,52608
694.519,53848
694.540,55624
694.562,56736
694.583,58160
694.604,58392
694.625,58632
694.646,58736
694.667,57848
694.689,56960
694.710,55344
694.731,54504
694.752,53120
694.773,51488
694.794,50248
694.816,49544
694.837,48856
694.858,48400
694.879,48784
694.900,49432
694.921,50160
694.942,51664
694.964,53240
694.985,54784
695.006,55760
695.027,56768
695.048,58080
695.069,58248
695.090,58128
695.112,57456
695.133,56456
695.154,55240
695.175,53496
695.196,52088
695.217,50872
695.238,49600
695.259,48224
695.280,47640
695.302,47504
695.323,47200
695.344,47560
695.365,49016
695.386,50328
695.407,51672
695.428,53416
695.449,54480
695.470,55816
695.491,56520
695.512,57248
695.534,56616
695.555,56432
695.576,55424
695.597,54368
695.618,52808
695.639,51232
695.660,49888
695.681,48560
695.702,47512
695.723,46872
695.744,46096
695.765,46208
695.786,46720
695.807,47392
695.829,48584
695.850,50208
695.871,51720
695.892,52944
695.913,54288
695.934,54984
695.955,55504
695.976,55744
695.997,55336
696.018,54896
696.039,53528
696.060,52192
696.081,51144
696.102,49888
696.123,48128
696.144,47144
696.165,46112
696.186,45792
696.207,45432
696.228,45592
696.249,46768
696.270,47672
696.291,48784
696.312,50256
696.333,51808
696.354,53296
696.375,54176
696.396,54552
696.417,55568
696.438,55296
696.459,54840
696.480,54240
696.501,53152
696.522,51912
696.543,50224
696.564,48832
696.585,47232
696.606,46288
696.627,45344
696.648,45320
696.669,45336
696.690,46080
696.711,47024
696.732,48456
696.753,49584
696.774,51480
696.795,52824
696.816,54352
696.837,55072
696.858,55776
696.879,55976
696.900,55720
696.921,55392
696.942,53680
696.962,52800
696.983,51280
697.004,49680
697.025,48384
697.046,47264
697.067,46368
697.088,45872
697.109,45824
697.130,46368
697.151,47136
697.172,48920
697.193,50128
697.214,51536
697.235,53248
697.256,54840
697.276,55832
697.297,57016
697.318,56896
697.339,57400
697.360,56448
697.381,55496
697.402,54640
697.423,52808
697.444,51600
697.465,49960
697.485,48864
697.506,47648
697.527,47448
697.548,47184
697.569,47344
697.590,48032
697.611,49256
697.632,50560
697.653,52064
697.673,53608
697.694,55264
697.715,56440
697.736,57032
697.757,57552
697.778,58272
697.799,58080
697.819,57056
697.840,56032
697.861,55224
697.882,53712
697.903,52304
697.924,51064
697.945,50272
697.965,49176
697.986,48176
698.007,48728
698.028,49000
698.049,49712
698.070,50864
698.091,52184
698.111,53680
698.132,54736
698.153,56408
698.174,57480
698.195,58512
698.215,59104
698.236,58944
698.257,58640
698.278,58080
698.299,56848
698.320,55504
698.340,54352
698.361,53392
698.382,51416
698.403,50416
698.424,50104
698.444,49680
698.465,49360
698.486,50112
698.507,50824
698.528,51840
698.548,52784
698.569,54568
698.590,55672
698.611,57040
698.632,58032
698.652,58464
698.673,59128
698.694,58808
698.715,58536
698.735,57696
698.756,56816
698.777,55352
698.798,54360
698.818,52504
698.839,51616
698.860,50624
698.881,49672
698.901,49688
698.922,49952
698.943,50080
698.964,50656
698.984,51968
699.005,52528
699.026,53472
699.047,55440
699.067,56272
699.088,57272
699.109,57976
699.130,57816
699.150,57744
699.171,58112
699.192,56840
699.213,56032
699.233,55192
699.254,53680
699.275,52520
699.295,51272
699.316,50224
699.337,49616
699.358,48800
699.378,49024
699.399,49168
699.420,49848
699.440,50928
699.461,52392
699.482,52784
699.502,53928
699.523,55376
699.544,56288
699.565,57048
699.585,57104
699.606,57248
699.627,56928
699.647,56208
699.668,54904
699.689,53952
699.709,52448
699.730,51784
699.751,50320
699.771,49136
699.792,48712
699.813,48352
699.833,48128
699.854,48360
699.875,48816
699.895,50168
699.916,51024
699.937,52240
699.957,53408
699.978,54696
699.999,55616
700.019,55504
700.040,56144
700.060,56272
700.081,56064
700.102,55296
700.122,54232
700.143,53176
700.164,52272
700.184,50632
700.205,49680
700.225,48648
700.246,48240
700.267,47664
700.287,47400
700.308,48264
700.329,48624
700.349,49656
700.370,50864
700.390,52168
700.411,53048
700.432,54472
700.452,54704
700.473,55824
700.493,56000
700.514,56216
700.535,55808
700.555,55424
700.576,54336
700.596,53296
700.617,51720
700.638,50920
700.658,49632
700.679,48768
700.699,48208
700.720,47776
700.740,48072
700.761,48336
700.782,49392
700.802,50136
700.823,51008
700.843,52576
700.864,53680
700.884,54912
700.905,55616
700.925,56576
700.946,57048
700.967,57096
700.987,56384
701.008,56496
701.028,55672
701.049,54744
701.069,52928
701.090,52048
701.110,50928
701.131,50240
701.151,49600
701.172,48904
701.192,49312
701.213,49432
701.233,50416
701.254,51344
701.274,52760
701.295,53504
701.316,55144
701.336,56400
701.357,57560
701.377,57728
701.398,58368
701.418,58928
701.439,58624
701.459,58112
701.480,57160
701.500,56208
701.521,55248
701.541,53912
701.561,52680
701.582,52288
701.602,51312
701.623,51192
701.643,51128
701.664,51880
701.684,52736
701.705,53472
701.725,54448
701.746,56184
701.766,57504
701.787,59048
701.807,59968
701.828,61136
701.848,62032
701.869,61576
701.889,61792
701.909,61768
701.930,60544
701.950,60064
701.971,58048
701.991,57920
702.012,56448
702.032,55344
702.053,54792
702.073,54664
702.093,54640
702.114,55088
702.134,55776
702.155,56736
702.175,58384
702.196,59264
702.216,61000
702.236,62416
702.257,63912
702.277,64528
702.298,65232
702.318,65535
702.338,65528
702.359,65128
702.379,64176
702.400,63288
702.420,62008
702.440,60448
702.461,59232
702.481,58360
702.502,57328
702.522,57032
702.542,57064
702.563,57168
702.583,57808
702.604,59088
702.624,60352
702.644,61168
702.665,62256
702.685,64000
702.705,65224
702.726,65535
702.746,65535
702.766,65535
702.787,65535
702.807,65535
702.828,65528
702.848,64544
702.868,63560
702.889,62040
702.909,60736
702.929,59112
702.950,58776
702.970,57520
702.990,57440
703.011,57208
703.031,57720
703.051,58248
703.072,59328
703.092,60232
703.112,61256
703.133,62720
703.153,64080
703.173,64496
703.194,65456
703.214,65535
703.234,65535
703.255,65535
703.275,64528
703.295,64232
703.315,62384
703.336,60976
703.356,58768
703.376,57488
703.397,56320
703.417,55120
703.437,53912
703.458,53968
703.478,53768
703.498,53984
703.518,54736
703.539,55344
703.559,56152
703.579,57208
703.600,58800
703.620,59912
703.640,60496
703.660,60872
703.681,60912
703.701,61048
703.721,60344
703.741,59544
703.762,57960
703.782,57016
703.802,55288
703.822,53312
703.843,52256
703.863,51104
703.883,50088
703.903,49608
703.924,49280
703.944,49568
703.964,49120
703.984,49816
704.005,50896
704.025,52084
704.045,53144
704.065,54104
704.086,54624
704.106,55456
704.126,55488
704.146,55560
704.166,55040
704.187,54368
704.207,53656
704.227,52168
704.247,50432
704.267,49112
704.288,47976
704.308,46336
704.328,45192
704.348,44504
704.368,44256
704.389,44032
704.409,43776
704.429,44736
704.449,45352
704.469,46208
704.490,46496
704.510,47640
704.530,48872
704.550,49184
704.570,49720
704.590,50040
704.611,49696
704.631,49304
704.651,48536
704.671,47520
704.691,46600
704.711,44664
704.732,43728
704.752,42496
704.772,41096
704.792,40128
704.812,39376
704.832,39192
704.853,39168
704.873,39424
704.893,40040
704.913,41048
704.933,42016
704.953,42768
704.973,43440
704.993,44496
705.014,45232
705.034,45552
705.054,45576
705.074,45432
705.094,45124
705.114,44048
705.134,43104
705.154,41984
705.175,40912
705.195,39848
705.215,38464
705.235,37568
705.255,36912
705.275,36336
705.295,36128
705.315,36064
705.335,36384
705.355,37080
705.376,37936
705.396,38632
705.416,39856
705.436,40960
705.456,41552
705.476,42440
705.496,42672
705.516,42816
705.536,42952
705.556,42256
705.576,41648
705.596,40960
705.616,39704
705.637,38648
705.657,37440
705.677,36744
705.697,35760
705.717,35256
705.737,34712
705.757,34768
705.777,34792
705.797,35544
705.817,36068
705.837,37176
705.857,38072
705.877,38840
705.897,40244
705.917,40912
705.937,41928
705.957,41952
705.977,42432
705.997,42040
706.017,41944
706.037,40880
706.057,39872
706.077,39088
706.097,37928
706.117,37176
706.137,36072
706.157,35456
706.177,35080
706.197,34520
706.217,34232
706.237,34784
706.257,35568
706.277,36224
706.297,37104
706.317,38640
706.337,39792
706.357,40608
706.377,41336
706.397,42200
706.417,42760
706.437,42560
706.457,42600
706.477,42056
706.497,41632
706.517,40688
706.537,39920
706.557,38832
706.577,37936
706.597,37400
706.617,36464
706.637,35896
706.657,35704
706.677,35697
706.697,36632
706.717,37224
706.737,37832
706.757,39112
706.776,40456
706.796,41248
706.816,42400
706.836,43392
706.856,44144
706.876,44760
706.896,44976
706.916,45304
706.936,44360
706.956,44400
706.976,43664
706.996,42480
707.016,41616
707.035,40864
707.055,39800
707.075,39008
707.095,38856
707.115,38208
707.135,38368
707.155,38856
707.175,39332
707.195,40216
707.215,41280
707.234,42344
707.254,43744
707.274,45008
707.294,46184
707.314,47008
707.334,47780
707.354,48176
707.374,48016
707.393,47776
707.413,47216
707.433,46568
707.453,45840
707.473,44664
707.493,44048
707.513,42760
707.533,42064
707.552,41464
707.572,41272
707.592,41220
707.612,41592
707.632,42256
707.652,43240
707.671,44168
707.691,45696
707.711,46896
707.731,47960
707.751,49152
707.771,50056
707.790,50784
707.810,51592
707.830,51744
707.850,51688
707.870,51336
707.890,50032
707.909,49336
707.929,48416
707.949,47520
707.969,46400
707.989,45376
708.008,44512
708.028,44416
708.048,44000
708.068,44168
708.088,44656
708.107,45696
708.127,46520
708.147,47744
708.167,48856
708.187,50064
708.206,51344
708.226,52440
708.246,52504
708.266,53472
708.285,54008
708.305,54008
708.325,53136
708.345,52672
708.365,52072
708.384,51224
708.404,50000
708.424,48976
708.444,47480
708.463,47184
708.483,46208
708.503,45712
708.523,45800
708.542,45728
708.562,46824
708.582,47296
708.602,48584
708.621,50064
708.641,51264
708.661,52064
708.681,53200
708.700,54080
708.720,54632
708.740,54768
708.759,54224
708.779,54560
708.799,54128
708.819,52848
708.838,52128
708.858,50736
708.878,49848
708.897,48304
708.917,47352
708.937,46648
708.957,46328
708.976,45752
708.996,45936
709.016,46464
709.035,47360
709.055,48096
709.075,48912
709.094,49864
709.114,51312
709.134,52112
709.153,53408
709.173,53992
709.193,54368
709.212,54296
709.232,54016
709.252,53368
709.271,52792
709.291,52016
709.311,50688
709.330,49668
709.350,48536
709.370,47352
709.389,46392
709.409,45440
709.429,45176
709.448,45152
709.468,45368
709.488,45400
709.507,46152
709.527,47216
709.547,48376
709.566,49440
709.586,50224
709.605,50960
709.625,52168
709.645,52696
709.664,52560
709.684,52880
709.704,52384
709.723,51952
709.743,51128
709.762,49960
709.782,48832
709.802,47600
709.821,46568
709.841,45136
709.860,44592
709.880,43936
709.900,43936
709.919,43936
709.939,43840
709.958,44864
709.978,45408
709.998,46248
710.017,47208
710.037,48192
710.056,48888
710.076,50224
710.095,50976
710.115,51232
710.135,51584
710.154,51200
710.174,50976
710.193,49872
710.213,49320
710.232,47800
710.252,46704
710.272,45872
710.291,44696
710.311,44144
710.330,43056
710.350,42656
710.369,42184
710.389,42408
710.408,42952
710.428,43376
710.447,44344
710.467,45504
710.486,46336
710.506,47504
710.526,48176
710.545,48968
710.565,49480
710.584,49952
710.604,50128
710.623,50120
710.643,49400
710.662,48328
710.682,47624
710.701,46424
710.721,45200
710.740,44000
710.760,43248
710.779,42328
710.799,41992
710.818,41488
710.838,41736
710.857,41688
710.877,42408
710.896,42544
710.916,43816
710.935,44416
710.955,45672
710.974,46728
710.993,47632
711.013,48192
711.032,49120
711.052,48848
711.071,48528
711.091,48320
711.110,47912
711.130,47472
711.149,46336
711.169,45208
711.188,44552
711.208,43184
711.227,42416
711.246,41712
711.266,40944
711.285,40912
711.305,40816
711.324,41256
711.344,41856
711.363,42432
711.383,43320
711.402,43944
711.421,44864
711.441,46224
711.460,47040
711.480,47376
711.499,47800
711.518,48008
711.538,48168
711.557,47600
711.577,47040
711.596,45824
711.615,45416
711.635,44280
711.654,43112
711.674,42000
711.693,41400
711.712,40584
711.732,40416
711.751,39832
711.771,40000
711.790,40624
711.809,40848
711.829,41856
711.848,42424
711.868,43408
711.887,44160
711.906,44960
711.926,45672
711.945,46192
711.964,46432
711.984,46576
712.003,46288
712.022,46304
712.042,45640
712.061,44480
712.080,43856
712.100,43216
712.119,41568
712.139,40648
712.158,39872
712.177,39288
712.197,39088
712.216,38808
712.235,38752
712.255,39144
712.274,40024
712.293,40160
712.313,40856
712.332,41776
712.351,42560
712.370,43424
712.390,43880
712.409,44424
712.428,44880
712.448,44848
712.467,44608
712.486,44096
712.506,43248
712.525,42768
712.544,41520
712.564,40680
712.583,39664
712.602,38864
712.621,38064
712.641,37728
712.660,37144
712.679,36664
712.699,36720
712.718,36968
712.737,37400
712.756,37984
712.776,38680
712.795,39520
712.814,39792
712.833,40904
712.853,41168
712.872,41352
712.891,41912
712.910,41904
712.930,41576
712.949,41152
712.968,40752
712.987,39904
713.007,38920
713.026,38096
713.045,37048
713.064,36552
713.084,35488
713.103,34736
713.122,34736
713.141,33984
713.161,34264
713.180,34568
713.199,34728
713.218,35520
713.237,35560
713.257,36240
713.276,37112
713.295,37688
713.314,38048
713.333,38584
713.353,38448
713.372,38584
713.391,38384
713.410,38032
713.429,37672
713.449,36688
713.468,36144
713.487,35096
713.506,34312
713.525,33752
713.545,33160
713.564,32432
713.583,32097
713.602,31768
713.621,31864
713.640,31776
713.660,31696
713.679,32336
713.698,33016
713.717,33232
713.736,33680
713.755,34240
713.775,34912
713.794,35040
713.813,35392
713.832,35312
713.851,35232
713.870,35248
713.889,34616
713.909,34128
713.928,33601
713.947,33073
713.966,32464
713.985,31544
714.004,30704
714.023,30328
714.043,30240
714.062,29384
714.081,29400
714.100,29280
714.119,29522
714.138,29632
714.157,30024
714.176,30128
714.195,31000
714.215,31344
714.234,32024
714.253,32304
714.272,32424
714.291,32560
714.310,32640
714.329,32352
714.348,32152
714.367,32160
714.386,31384
714.405,30593
714.425,30321
714.444,29680
714.463,28984
714.482,28168
714.501,28216
714.520,27600
714.539,27120
714.558,27208
714.577,26944
714.596,27520
714.615,27812
714.634,28200
714.653,28288
714.672,29152
714.691,29313
714.710,29856
714.729,30080
714.749,30560
714.768,30696
714.771,28544
714.792,28984
714.813,29160
714.834,29368
714.854,29648
714.875,30352
714.896,31128
714.917,31816
714.938,31840
714.958,32368
714.979,32584
715.000,32792
715.021,32448
715.041,32272
715.062,31888
715.083,31160
715.104,30724
715.124,30408
715.145,29488
715.166,28960
715.187,28209
715.208,28216
715.228,28208
715.249,27896
715.270,27920
715.290,28472
715.311,28896
715.332,29272
715.353,29704
715.373,30416
715.394,31288
715.415,31320
715.436,31616
715.456,32145
715.477,32016
715.498,31952
715.519,31832
715.539,31520
715.560,31072
715.581,30744
715.601,29912
715.622,29408
715.643,28720
715.663,28384
715.684,28064
715.705,27888
715.726,27800
715.746,28088
715.767,28112
715.788,28612
715.808,29216
715.829,29680
715.850,30128
715.870,30704
715.891,31330
715.912,31608
715.932,31888
715.953,32048
715.974,31968
715.995,31776
716.015,31368
716.036,31248
716.057,30592
716.077,30160
716.098,29520
716.119,29090
716.139,28664
716.160,28200
716.181,28256
716.201,28240
716.222,28320
716.242,28608
716.263,28864
716.284,29424
716.304,29920
716.325,30388
716.346,30864
716.366,31400
716.387,31672
716.408,32056
716.428,32176
716.449,32136
716.469,32032
716.490,31960
716.511,31520
716.531,31104
716.552,30848
716.573,30176
716.593,29368
716.614,29224
716.634,29144
716.655,28912
716.676,28880
716.696,28760
716.717,28864
716.737,29176
716.758,29480
716.779,29784
716.799,30536
716.820,30912
716.840,31224
716.861,31496
716.882,32192
716.902,32288
716.923,32144
716.943,32384
716.964,32240
716.985,31872
717.005,31760
717.026,31153
717.046,30936
717.067,30400
717.087,30096
717.108,29472
717.129,29176
717.149,28968
717.170,29121
717.190,28724
717.211,29112
717.231,29464
717.252,30176
717.272,30112
717.293,31000
717.314,31216
717.334,31480
717.355,31713
717.375,32080
717.396,32376
717.416,32376
717.437,32208
717.457,32112
717.478,31816
717.498,31376
717.519,31312
717.539,30576
717.560,30208
717.580,29896
717.601,29448
717.621,29136
717.642,29008
717.663,28688
717.683,29264
717.704,29056
717.724,29376
717.745,29584
717.765,30240
717.786,30424
717.806,30656
717.827,31240
717.847,31680
717.868,31704
717.888,31896
717.909,32032
717.929,31968
717.949,32096
717.970,31616
717.990,31032
718.011,31080
718.031,30240
718.052,29840
718.072,29176
718.093,28928
718.113,28696
718.134,28600
718.154,28328
718.175,28472
718.195,28832
718.216,29096
718.236,29296
718.257,29569
718.277,30208
718.297,30416
718.318,30640
718.338,31152
718.359,31552
718.379,31504
718.400,31440
718.420,31432
718.441,31088
718.461,31040
718.481,30760
718.502,30193
718.522,29668
718.543,29048
718.563,28440
718.584,28008
718.604,27616
718.624,27968
718.645,27696
718.665,27568
718.686,27856
718.706,28116
718.726,28536
718.747,29040
718.767,29312
718.788,30096
718.808,30200
718.828,30712
718.849,31152
718.869,31200
718.890,30992
718.910,31012
718.930,30384
718.951,30216
718.971,29488
718.992,28816
719.012,28232
719.032,28136
719.053,27728
719.073,27208
719.093,26800
719.114,26784
719.134,26761
719.154,26752
719.175,27169
719.195,27408
719.216,28288
719.236,28472
719.256,28704
719.277,29648
719.297,29832
719.317,30136
719.338,30528
719.358,29896
719.378,30082
719.399,29944
719.419,29472
719.439,29248
719.460,28664
719.480,28064
719.500,27464
719.521,27152
719.541,26449
719.561,26132
719.582,25936
719.602,25892
719.622,26104
719.643,26424
719.663,26424
719.683,26792
719.704,27392
719.724,27969
719.744,28528
719.764,28944
719.785,29153
719.805,29464
719.825,29984
719.846,29760
719.866,29520
719.886,29186
719.907,28936
719.927,28376
719.947,27748
719.967,27248
719.988,26728
720.008,26296
720.028,25800
720.049,25456
720.069,25410
720.089,25072
720.109,25280
720.130,25698
720.150,26088
720.170,26608
720.190,27316
720.211,27496
720.231,28224
720.251,28616
720.271,29104
720.292,29329
720.312,29168
720.332,29320
720.352,29088
720.373,28640
720.393,28400
720.413,27696
720.433,27330
720.454,26816
720.474,26088
720.494,25552
720.514,25232
720.535,24912
720.555,24852
720.575,24936
720.595,25060
720.615,25168
720.636,25680
720.656,26178
720.676,26920
720.696,27521
720.716,27832
720.737,28464
720.757,28776
720.777,28808
720.797,29000
720.817,28896
720.838,28688
720.858,28273
720.878,27760
720.898,27112
720.918,26416
720.939,25796
720.959,25552
720.979,25008
720.999,24473
721.019,24352
721.040,24434
721.060,24288
721.080,24672
721.100,24984
721.120,25265
721.140,26032
721.161,26472
721.181,26992
721.201,27520
721.221,27952
721.241,28200
721.261,28600
721.281,28352
721.302,28248
721.322,27664
721.342,27504
721.362,27032
721.382,26240
721.402,25800
721.422,25032
721.443,24560
721.463,24168
721.483,23608
721.503,23544
721.523,23520
721.543,23408
721.563,23960
721.583,24160
721.604,24632
721.624,25136
721.644,25744
721.664,26080
721.684,26568
721.704,27008
721.724,27124
721.744,26912
721.764,26976
721.785,26928
721.805,26500
721.825,26264
721.845,25312
721.865,24824
721.885,24320
721.905,23832
721.925,23169
721.945,22672
721.965,22616
721.985,22328
722.006,22016
722.026,22616
722.046,22768
722.066,23034
722.086,23632
722.106,24120
722.126,24512
722.146,24984
722.166,25240
722.186,25928
722.206,26136
722.226,26401
722.246,26432
722.266,25960
722.286,25896
722.306,25472
722.326,24912
722.347,24296
722.367,23905
722.387,23249
722.407,22912
722.427,22626
722.447,22137
722.467,22160
722.487,22240
722.507,22196
722.527,22592
722.547,22752
722.567,23280
722.587,23984
722.607,24464
722.627,24984
722.647,25288
722.667,25616
722.687,25952
722.707,26065
722.727,26128
722.747,25936
722.767,25712
722.787,25156
722.807,24642
722.827,24256
722.847,23456
722.867,23009
722.887,22689
722.907,21848
722.927,21880
722.947,21712
722.967,21689
722.987,21812
723.007,21896
723.027,22292
723.047,22632
723.067,23492
723.087,23920
723.107,24232
723.126,24696
723.146,24776
723.166,25060
723.186,25074
723.206,25137
723.226,24960
723.246,24776
723.266,24472
723.286,23728
723.306,23504
723.326,22840
723.346,22320
723.366,22208
723.386,21544
723.406,21032
723.426,20920
723.446,20857
723.466,21184
723.485,21248
723.505,21505
723.525,22113
723.545,22288
723.565,22776
723.585,22936
723.605,23425
723.625,23640
723.645,24152
723.665,24160
723.685,24096
723.704,24064
723.724,24088
723.744,23760
723.764,23312
723.784,22640
723.804,22272
723.824,21921
723.844,21296
723.864,20824
723.883,20473
723.903,20288
723.923,20216
723.943,20216
723.963,20192
723.983,20616
724.003,20888
724.023,21240
724.042,21472
724.062,21801
724.082,22436
724.102,22611
724.122,23080
724.142,23200
724.162,23508
724.181,23176
724.201,23362
724.221,23064
724.241,22496
724.261,22208
724.281,21712
724.300,21224
724.320,20744
724.340,20280
724.360,19889
724.380,19937
724.400,19744
724.419,19562
724.439,19636
724.459,19896
724.479,20068
724.499,20308
724.519,20704
724.538,21048
724.558,21296
724.578,21940
724.598,22144
724.618,22536
724.637,22440
724.657,22546
724.677,22664
724.697,22288
724.717,22121
724.736,21656
724.756,21576
724.776,21224
724.796,20672
724.816,19939
724.835,19936
724.855,19776
724.875,19456
724.895,19328
724.914,19056
724.934,19233
724.954,19508
724.974,19736
724.993,20072
725.013,20132
725.033,20576
725.053,21440
725.072,21480
725.092,21716
725.112,21912
725.132,22145
725.151,22324
725.171,22224
725.191,21936
725.211,21700
725.230,21392
725.250,20976
725.270,20676
725.290,20328
725.309,20036
725.329,19642
725.349,19393
725.369,18912
725.388,19041
725.408,19041
725.428,19080
725.447,19178
725.467,19504
725.487,19720
725.507,20225
725.526,20688
725.546,21064
725.566,21248
725.585,21732
725.605,21888
725.625,21904
725.644,21880
725.664,21760
725.684,21632
725.704,21464
725.723,21248
725.743,20792
725.763,20580
725.782,20185
725.802,19776
725.822,19528
725.841,19160
725.861,18984
725.881,18872
725.900,18896
725.920,19080
725.940,19064
725.959,19156
725.979,19777
725.999,20208
726.018,20674
726.038,20912
726.058,21128
726.077,21848
726.097,21856
726.117,21952
726.136,21944
726.156,21888
726.175,21897
726.195,21512
726.215,21204
726.234,20817
726.254,20528
726.274,19876
726.293,19922
726.313,19593
726.332,19156
726.352,19056
726.372,19124
726.391,19096
726.411,19112
726.431,19472
726.450,19352
726.470,19808
726.489,20200
726.509,20624
726.529,20928
726.548,21016
726.568,21368
726.587,21712
726.607,22000
726.626,21880
726.646,21816
726.666,21576
726.685,21536
726.705,21328
726.724,21024
726.744,20624
726.764,20384
726.783,19961
726.803,19808
726.822,19408
726.842,19241
726.861,19344
726.881,19108
726.901,19160
726.920,19400
726.940,19769
726.959,19585
726.979,20200
726.998,20552
727.018,20864
727.037,21200
727.057,21585
727.076,21464
727.096,21760
727.116,21905
727.135,22080
727.155,22032
727.174,21496
727.194,21480
727.213,21008
727.233,20992
727.252,20432
727.272,20304
727.291,19728
727.311,19593
727.330,19536
727.350,19208
727.369,19008
727.389,19344
727.408,19224
727.428,19337
727.447,19776
727.467,20040
727.486,20560
727.506,20768
727.525,21200
727.545,21480
727.564,21752
727.584,22024
727.603,22146
727.623,21905
727.642,22008
727.662,21984
727.681,21552
727.701,21296
727.720,21072
727.740,20792
727.759,20096
727.778,20000
727.798,19700
727.817,19488
727.837,19081
727.856,19060
727.876,19136
727.895,19360
727.915,19592
727.934,19712
727.954,20100
727.973,20256
727.992,20816
728.012,21248
728.031,21456
728.051,21697
728.070,22002
728.090,22020
728.109,22178
728.128,21968
728.148,21776
728.167,21698
728.187,21128
728.206,21042
728.226,20656
728.245,20180
728.264,20000
728.284,19720
728.303,19330
728.323,19152
728.342,19049
728.361,19024
728.381,18920
728.400,19328
728.420,19368
728.439,19684
728.458,20100
728.478,20296
728.497,20809
728.516,21113
728.536,21344
728.555,21360
728.575,21664
728.594,21746
728.613,21585
728.633,21800
728.652,21384
728.671,20880
728.691,20705
728.710,20442
728.730,20048
728.749,19544
728.768,19216
728.788,19027
728.807,18600
728.826,18488
728.846,18680
728.865,18680
728.884,18408
728.904,18697
728.923,19001
728.942,19265
728.962,19792
728.981,20016
729.000,20256
729.020,20952
729.039,20896
729.058,20992
729.078,20952
729.097,20978
729.116,20948
729.136,20832
729.155,20570
729.174,20072
729.193,19834
729.213,19264
729.232,18960
729.251,18592
729.271,18297
729.290,17912
729.309,17924
729.329,17568
729.348,17544
729.367,17704
729.386,17800
729.406,18129
729.425,18513
729.444,18833
729.464,19232
729.483,19680
729.502,20008
729.521,20312
729.541,20400
729.560,20344
729.579,20513
729.598,20609
729.618,20324
729.637,19872
729.656,19824
729.675,19633
729.695,19152
729.714,18976
729.733,18528
729.752,18112
729.772,17988
729.791,17712
729.810,17681
729.829,17460
729.849,17752
729.868,17689
729.887,17994
729.906,18504
729.926,18498
729.945,18840
729.964,19416
729.983,19699
730.002,19776
730.022,20004
730.041,20388
730.060,20328
730.079,20379
730.098,20192
730.118,20056
730.137,19648
730.156,19336
730.175,19392
730.194,18784
730.214,18544
730.233,18048
730.252,18020
730.271,17800
730.290,17752
730.310,17320
730.329,17456
730.348,17496
730.367,17804
730.386,18024
730.405,18328
730.425,18576
730.444,19018
730.463,19409
730.482,19769
730.501,19824
730.520,20048
730.540,20064
730.559,20256
730.578,20106
730.597,20000
730.616,19824
730.635,19568
730.654,19252
730.674,18808
730.693,18452
730.712,18168
730.731,17904
730.750,17800
730.769,17568
730.788,17490
730.808,17410
730.827,17413
730.846,17588
730.865,17905
730.884,18096
730.903,18464
730.922,18868
730.941,19172
730.960,19601
730.980,19786
730.999,20000
731.018,20145
731.037,20344
731.056,20202
731.075,20048
731.094,20024
731.113,19908
731.132,19624
731.151,19312
731.170,18976
731.190,18608
731.209,18248
731.228,17928
731.247,17513
731.266,17664
731.285,17601
731.304,17480
731.323,17588
731.342,17880
731.361,17984
731.380,18384
731.399,18497
731.418,18992
731.437,19488
731.456,19604
731.476,19920
731.495,19872
731.514,20201
731.533,20072
731.552,20244
731.571,20016
731.590,20116
731.609,19712
731.628,19280
731.647,19368
731.666,18672
731.685,18456
731.704,18096
731.723,17960
731.742,17736
731.761,17346
731.780,17204
731.799,17489
731.818,17560
731.837,17872
731.856,18040
731.875,18248
731.894,18481
731.913,18952
731.932,19192
731.951,19633
731.970,20001
731.989,19881
732.008,20080
732.027,20024
732.046,20024
732.065,20025
732.084,19826
732.103,19673
732.122,19378
732.141,19088
732.160,18601
732.179,18224
732.198,18016
732.217,17760
732.236,17496
732.255,17352
732.274,17313
732.293,17473
732.312,17416
732.330,17648
732.349,17848
732.368,18232
732.387,18245
732.406,18672
732.425,18980
732.444,19368
732.463,19536
732.482,19552
732.501,19688
732.520,19977
732.539,19688
732.558,19649
732.577,19716
732.596,19305
732.614,18912
732.633,18522
732.652,18184
732.671,17984
732.690,17736
732.709,17216
732.728,17000
732.747,17009
732.766,16946
732.785,17032
732.804,17122
732.822,16993
732.841,17304
732.860,17748
732.879,17764
732.898,17960
732.917,18288
732.936,18464
732.955,18880
732.973,18952
732.992,19080
733.011,19072
733.030,19300
733.049,19024
733.068,18944
733.087,18505
733.106,18369
733.124,18096
733.143,17786
733.162,17588
733.181,17184
733.200,16900
733.219,16600
733.238,16496
733.256,16328
733.275,16584
733.294,16427
733.313,16633
733.332,16720
733.351,16712
733.369,17024
733.388,17080
733.407,17712
733.426,17610
733.445,18048
733.464,18200
733.482,18544
733.501,18448
733.520,18420
733.539,18276
733.558,18472
733.576,18168
733.595,18016
733.614,17760
733.633,17456
733.652,17072
733.670,16856
733.689,16289
733.708,16352
733.727,16008
733.746,15938
733.764,15960
733.783,15800
733.802,15908
733.821,16016
733.839,16234
733.858,16418
733.877,16680
733.896,16784
733.915,16945
733.933,17544
733.952,17512
733.971,17636
733.990,17792
734.008,17829
734.027,17872
734.046,17732
734.065,17472
734.083,17320
734.102,17089
734.121,16880
734.140,16784
734.158,16304
734.177,16000
734.196,15908
734.214,15618
734.233,15496
734.252,15200
734.271,15410
734.289,15280
734.308,15396
734.327,15520
734.346,15760
734.364,15978
734.383,15962
734.402,16184
734.420,16450
734.439,16682
734.458,16665
734.476,17083
734.495,16872
734.514,17028
734.533,17184
734.551,16744
734.570,16836
734.589,16560
734.607,16400
734.626,16106
734.645,15794
734.663,15609
734.682,15428
734.701,15056
734.719,14968
734.738,14800
734.757,14784
734.775,14754
734.794,14836
734.813,14920
734.831,15072
734.850,15098
734.869,15241
734.887,15681
734.906,15688
734.925,15872
734.943,16160
734.962,16345
734.981,16560
734.999,16440
735.018,16554
735.036,16468
735.055,16176
735.074,16307
735.092,15769
735.111,15569
735.130,15672
735.148,15216
735.167,15048
735.185,14979
735.204,14648
735.223,14265
735.241,14360
735.260,14384
735.278,14240
735.297,14257
735.316,14307
735.334,14505
735.353,14648
735.371,14960
735.390,15216
735.409,15313
735.427,15465
735.446,15812
735.464,15800
735.483,16081
735.502,15962
735.520,15856
735.539,16048
735.557,15648
735.576,15704
735.594,15432
735.613,15440
735.632,14896
735.650,14816
735.669,14674
735.687,14378
735.706,14341
735.724,14162
735.743,13969
735.761,13960
735.780,14132
735.799,14250
735.817,14216
735.836,14304
735.854,14628
735.873,14800
735.891,15152
735.910,15129
735.928,15396
735.947,15524
735.965,15584
735.984,15896
736.002,16032
736.021,15882
736.039,15696
736.058,15784
736.076,15641
736.095,15376
736.113,15240
736.132,14984
736.150,14820
736.169,14496
736.187,14256
736.206,14322
736.224,14244
736.243,14096
736.261,14104
736.280,14234
736.298,14032
736.317,14243
736.335,14554
736.354,14496
736.372,14864
736.391,14980
736.409,15200
736.428,15400
736.446,15617
736.465,15792
736.483,15744
736.502,15956
736.520,15818
736.538,15720
736.557,15688
736.575,15777
736.594,15480
736.612,15505
736.631,15424
736.649,14984
736.668,14768
736.686,14712
736.704,14672
736.723,14393
736.741,14362
736.760,14377
736.778,14384
736.797,14352
736.815,14587
736.833,14652
736.852,14864
736.870,15088
736.889,15284
736.907,15339
736.925,15573
736.944,15890
736.962,16056
736.981,16153
736.999,16088
737.017,16281
737.036,16409
737.054,16116
737.073,15978
737.091,15860
737.109,15784
737.128,15696
737.146,15441
737.165,15297
737.183,15128
737.201,14976
737.220,14907
737.238,14689
737.256,14809
737.275,14664
737.293,14785
737.311,14770
737.330,14896
737.348,15120
737.367,15176
737.385,15504
737.403,15834
737.422,16128
737.440,16100
737.458,16448
737.477,16505
737.495,16776
737.513,16560
737.532,16576
737.550,16712
737.568,16585
737.587,16536
737.605,16313
737.623,16232
737.642,16072
737.660,15752
737.678,15481
737.697,15458
737.715,15209
737.733,15033
737.751,15152
737.770,15184
737.788,15176
737.806,15003
737.825,15248
737.843,15497
737.861,15688
737.880,15937
737.898,16024
737.916,16316
737.934,16688
737.953,16728
737.971,16792
737.989,16744
738.007,17024
738.026,16937
738.044,17032
738.062,16993
738.081,16856
738.099,16564
738.117,16608
738.135,16306
738.154,16072
738.172,15945
738.190,15602
738.208,15560
738.227,15481
738.245,15240
738.263,15329
738.281,15376
738.300,15444
738.318,15616
738.336,15672
738.354,15728
738.373,15904
738.391,16176
738.409,16560
738.427,16609
738.445,16833
738.464,16808
738.482,17233
738.500,17088
738.518,17129
738.536,17112
738.555,17232
738.573,16848
738.591,16770
738.609,16624
738.627,16360
738.646,16232
738.664,15992
738.682,15624
738.700,15536
738.718,15592
738.737,15384
738.755,15352
738.773,15570
738.791,15306
738.809,15300
738.828,15604
738.846,15740
738.864,15824
738.882,16050
738.900,16096
738.918,16529
738.937,16560
738.955,16692
738.973,16708
738.991,16898
739.009,17048
739.027,16936
739.045,16899
739.064,16752
739.082,16648
739.100,16579
739.118,16416
739.136,16267
739.154,15994
739.172,15648
739.191,15464
739.209,15360
739.227,15384
739.245,15036
739.263,14880
739.281,15024
739.299,14945
739.317,15273
739.335,15256
739.354,15432
739.372,15672
739.390,15840
739.408,15960
739.426,16098
739.444,16113
739.462,16408
739.480,16648
739.498,16522
739.516,16745
739.535,16520
739.553,16544
739.571,16264
739.589,16328
739.607,16032
739.625,15700
739.643,15666
739.661,15472
739.679,15185
739.697,15008
739.715,14856
739.733,14576
739.751,14520
739.769,14544
739.788,14472
739.806,14640
739.824,14736
739.842,14804
739.860,14825
739.878,14960
739.896,15092
739.914,15450
739.932,15680
739.950,15688
739.968,15769
739.986,16073
740.004,15912
740.022,15880
740.040,16020
740.058,15611
740.076,15568
740.080,15828
740.099,15552
740.118,15418
740.137,15376
740.155,15139
740.174,15264
740.193,15296
740.212,15196
740.230,15360
740.249,15552
740.268,15593
740.287,15849
740.305,16058
740.324,16265
740.343,16360
740.362,16626
740.380,16600
740.399,16553
740.418,16632
740.437,16634
740.455,16393
740.474,16256
740.493,16258
740.511,16168
740.530,15744
740.549,15840
740.568,15488
740.586,15107
740.605,14993
740.624,14947
740.642,14816
740.661,14651
740.680,14652
740.699,14616
740.717,14634
740.736,14665
740.755,14864
740.773,15004
740.792,15184
740.811,15384
740.829,15577
740.848,15616
740.867,15778
740.885,15904
740.904,16048
740.923,15832
740.941,15908
740.960,15768
740.979,15617
740.997,15545
741.016,15314
741.035,15125
741.053,15002
741.072,14713
741.091,14481
741.109,14208
741.128,14112
741.147,14008
741.165,14120
741.184,13716
741.203,13904
741.221,13840
741.240,13920
741.259,14104
741.277,14129
741.296,14576
741.314,14409
741.333,14585
741.352,14848
741.370,14984
741.389,15153
741.408,15280
741.426,15156
741.445,15316
741.463,15096
741.482,15160
741.501,14962
741.519,14776
741.538,14513
741.556,14456
741.575,13896
741.594,13824
741.612,13664
741.631,13328
741.649,13528
741.668,13416
741.687,13257
741.705,13428
741.724,13472
741.742,13354
741.761,13448
741.779,13760
741.798,13818
741.817,14080
741.835,14224
741.854,14152
741.872,14386
741.891,14568
741.909,14720
741.928,14540
741.947,14564
741.965,14600
741.984,14408
742.002,14372
742.021,14195
742.039,14027
742.058,13818
742.076,13656
742.095,13604
742.113,13274
742.132,13024
742.150,12922
742.169,12933
742.188,12904
742.206,12922
742.225,12741
742.243,13096
742.262,13044
742.280,13232
742.299,13344
742.317,13594
742.336,13705
742.354,13780
742.373,14008
742.391,14083
742.410,14128
742.428,14392
742.447,14160
742.465,14072
742.484,13944
742.502,13892
742.521,13752
742.539,13656
742.558,13691
742.576,13312
742.594,13380
742.613,13090
742.631,12898
742.650,12777
742.668,12632
742.687,12624
742.705,12636
742.724,12728
742.742,12881
742.761,12921
742.779,12937
742.798,13156
742.816,13273
742.834,13448
742.853,13488
742.871,13568
742.890,13715
742.908,13864
742.927,13937
742.945,13828
742.964,14058
742.982,13929
743.000,13897
743.019,13832
743.037,13691
743.056,13536
743.074,13488
743.093,13306
743.111,13368
743.129,12760
743.148,12968
743.166,12760
743.185,12795
743.203,12699
743.221,12713
743.240,12904
743.258,12888
743.277,13050
743.295,12856
743.313,13297
743.332,13410
743.350,13522
743.369,13616
743.387,13808
743.405,13872
743.424,14098
743.442,14160
743.460,14065
743.479,14217
743.497,14040
743.516,14008
743.534,13888
743.552,13857
743.571,13688
743.589,13696
743.607,13496
743.626,13408
743.644,13330
743.662,13225
743.681,13048
743.699,13104
743.717,13056
743.736,13152
743.754,13140
743.772,13267
743.791,13440
743.809,13524
743.827,13628
743.846,13784
743.864,13748
743.882,14040
743.901,14298
743.919,14213
743.937,14344
743.956,14376
743.974,14713
743.992,14689
744.011,14704
744.029,14593
744.047,14531
744.065,14483
744.084,14256
744.102,14097
744.120,13976
744.139,13864
744.157,13856
744.175,13712
744.194,13659
744.212,13632
744.230,13744
744.248,13744
744.267,13832
744.285,13800
744.303,13884
744.321,14137
744.340,14472
744.358,14584
744.376,14713
744.394,14800
744.413,15028
744.431,15017
744.449,15216
744.467,15332
744.486,15416
744.504,15753
744.522,15472
744.540,15544
744.559,15512
744.577,15481
744.595,15426
744.613,15192
744.632,15016
744.650,14720
744.668,14880
744.686,14704
744.705,14489
744.723,14841
744.741,14728
744.759,14640
744.777,14852
744.796,15024
744.814,14908
744.832,15211
744.850,15312
744.868,15536
744.887,15752
744.905,15892
744.923,16378
744.941,16320
744.959,16545
744.978,16624
744.996,16940
745.014,16864
745.032,16672
745.050,16632
745.069,16704
745.087,16736
745.105,16672
745.123,16408
745.141,16416
745.159,16154
745.178,16208
745.196,16128
745.214,15793
745.232,15907
745.250,15824
745.268,16040
745.286,16145
745.305,16289
745.323,16569
745.341,16560
745.359,17048
745.377,17074
745.395,17152
745.413,17380
745.432,17618
745.450,17945
745.468,18200
745.486,18336
745.504,18320
745.522,18338
745.540,18185
745.558,18521
745.577,18234
745.595,17952
745.613,18104
745.631,17928
745.649,17698
745.667,17712
745.685,17819
745.703,17697
745.721,17552
745.739,17696
745.758,17584
745.776,17640
745.794,17808
745.812,17809
745.830,18072
745.848,18416
745.866,18580
745.884,18576
745.902,18857
745.920,19185
745.938,19516
745.956,19664
745.975,19984
745.993,19888
746.011,20282
746.029,20371
746.047,20328
746.065,20224
746.083,20377
746.101,20408
746.119,20256
746.137,20288
746.155,19865
746.173,20008
746.191,19817
746.209,20040
746.227,19656
746.245,19858
746.263,19648
746.281,19880
746.299,20140
746.317,20224
746.335,20293
746.353,20328
746.371,20899
746.389,21136
746.407,21400
746.425,21552
746.443,21856
746.461,21972
746.479,22392
746.497,22720
746.515,22849
746.533,22852
746.551,22904
746.569,22980
746.587,23001
746.605,23000
746.623,22784
746.641,22912
746.659,22932
746.677,22740
746.695,22640
746.713,22420
746.731,22450
746.749,22456
746.767,22600
746.785,22457
746.803,22776
746.821,22688
746.839,23040
746.857,23345
746.875,23408
746.893,23736
746.911,23921
746.929,24024
746.947,24296
746.965,25040
746.983,24912
747.001,25352
747.018,25304
747.036,25808
747.054,25864
747.072,25808
747.090,25952
747.108,26004
747.126,25896
747.144,25976
747.162,25848
747.180,25680
747.198,25592
747.216,25336
747.234,25368
747.251,24864
747.269,24976
747.287,25208
747.305,25200
747.323,25160
747.341,25304
747.359,25544
747.377,25768
747.395,25768
747.412,26096
747.430,26624
747.448,26456
747.466,26976
747.484,27456
747.502,27368
747.520,27776
747.538,28120
747.555,28128
747.573,28264
747.591,28513
747.609,28432
747.627,27984
747.645,28104
747.663,28112
747.680,27521
747.698,27345
747.716,27168
747.734,26944
747.752,27112
747.770,26696
747.788,26808
747.805,26728
747.823,26736
747.841,26784
747.859,27076
747.877,27120
747.895,26976
747.912,27200
747.930,27544
747.948,27912
747.966,28089
747.984,28320
748.001,28528
748.019,29040
748.037,28912
748.055,29265
748.073,29040
748.090,29288
748.108,29328
748.126,28976
748.144,28961
748.162,28752
748.179,28320
748.197,28080
748.215,28224
748.233,27840
748.251,27344
748.268,27168
748.286,27236
748.304,26960
748.322,27192
748.339,27112
748.357,26752
748.375,26786
748.393,27224
748.410,27216
748.428,27314
748.446,27608
748.464,27952
748.481,27952
748.499,28560
748.517,28465
748.535,28592
748.552,28840
748.570,28664
748.588,28608
748.606,28864
748.623,28545
748.641,28609
748.659,28224
748.677,28008
748.694,27728
748.712,27105
748.730,26928
748.747,26672
748.765,26584
748.783,26400
748.801,26208
748.818,25696
748.836,25656
748.854,25904
748.871,26016
748.889,25760
748.907,25808
748.924,25960
748.942,26288
748.960,26329
748.978,26522
748.995,26592
749.013,26704
749.031,27060
749.048,27136
749.066,27201
749.084,26928
749.101,26736
749.119,26928
749.137,26784
749.154,26416
749.172,26424
749.190,25848
749.207,25748
749.225,25296
749.243,25224
749.260,24888
749.278,24442
749.295,24368
749.313,24232
749.331,24132
749.348,24048
749.366,23528
749.384,23697
749.401,23796
749.419,23792
749.437,23984
749.454,24018
749.472,24072
749.489,24296
749.507,24400
749.525,24648
749.542,24434
749.560,24432
749.577,24640
749.595,24696
749.613,24641
749.630,24496
749.648,24408
749.665,23960
749.683,23912
749.701,23384
749.718,23392
749.736,22868
749.753,22736
749.771,22472
749.789,22384
749.806,22192
749.824,21984
749.841,21748
749.859,21464
749.876,21682
749.894,21252
749.912,21456
749.929,21216
749.947,21680
749.964,21752
749.982,21736
749.999,21992
750.017,21896
